;AMPHLEI;APIOERR;APIOVEN;ARMICEP;ARMIGAL;ARMIMEL;ARMIOST;ASTETIL;BISCMED;BJERADU;BLUMJAA;BOTRCIN;BOTRDOT;BOTRSTE;CALIPIN;CENAFER;CERAIPS;CERAMIN;CERAPLA;CHONPUR;CHRYABI;CHRYLED;COLETUS;COLPQUE;CRISDEP;CRONFLA;CRONQUE;CRONRIB;CRUMSOR;CRYPCAS;CRYPCOR;CRYPHYA;CRYPPAR;CRYPPOP;CYCLMIN;CYCLNIV;CYLIDID;DAEDCON;DELPABI;DICADRY;DISCCAS;DREPPUN;ENTOMAM;EUTYLAT;FISTHEP;FOMEFOM;FOMICYT;FOMIPIN;FUSAOXY;FUSIQUE;GANOADS;GANOAPP;GANORES;GNOMLEP;GREMABI;GYMNFUS;HAEMHAE;HERPJUN;HETEANN;HYPOFRA;LACHWIL;LAETSUL;LEPTLUN;LEPTPRO;LEUCPER;LIRUMAC;LIRUNER;LOPHCON;LOPHPIC;LOPHPIN;LOPHSED;MELAALL;MELACAR;MELALAR;MELAMOD;MELAPOP;MERIGIG;MICRALP;MICRJUG;MONOMON;MYCOCAS;MYCODEA;MYCOMIC;MYCOPIN;NECTCIN;NECTCOC;NECTDIT;NECTFUC;NECTVEU;NEONGAL;OPHIPIC;OPHISER;OPHIULM;OUDEMUC;OXYPPOP;PESTFUN;PEZICIN;PHACCON;PHAEGAE;PHAESCH;PHELCHR;PHELHAR;PHELIGN;PHELPIN;PHELROB;PHLOACE;PHOMJUN;PHOMQUE;PHYLACE;PHYLGUT;PLEUOST;PLEUPSE;PODOCLA;POLLRAD;POLYSQU;PSEUDRY;PUCCEPI;RHABPSE;RHIZKAL;RHIZMAC;RHIZOUD;RHIZUND;RHYTACE;ROSENEC;SARERES;SAWATUL;SCHICOM;SEIRCAR;SEPTPOD;SEPTQUE;SIROSTR;SPARCRI;SPHASAP;STEGPYR;STERHIR;STERSAN;STIGCAR;SYDOPOL;TAPHBET;TAPHCAE;TAPHCER;TAPHPOP;TITATRE;TRAMGIB;TRAMVER;TRUNHAR;VALSAMB;VALSKUN;VALSNIV;VALSSOR;VENTFRA;VENTINA;VERTDAH;ZYTHPIN
AMPHLEI;3;3;0;0;2;3;0;0;0;1;0;3;0;3;0;0;0;0;0;1;0;0;0;2;0;0;0;0;0;0;0;0;1;0;0;0;0;1;0;3;0;0;0;0;3;0;0;1;2;3;0;1;2;0;0;3;2;0;0;0;0;2;0;0;0;0;0;0;0;0;0;0;0;0;0;0;0;3;0;2;0;0;0;0;1;1;0;0;0;0;3;0;0;0;0;0;2;0;0;1;0;0;0;0;2;0;0;3;0;0;0;0;0;0;0;3;0;0;0;0;0;0;0;0;0;0;1;0;0;3;0;0;0;0;2;0;0;0;0;1;0;0;0;1;0;0;1;0;0;1;0;0;0;0
APIOERR;3;7;0;1;4;7;0;1;0;2;0;4;0;5;0;0;0;0;0;2;0;0;0;2;1;0;0;0;0;0;1;1;2;0;0;0;0;1;0;4;0;0;0;0;3;1;0;2;4;3;0;3;2;0;0;4;3;0;1;1;0;3;0;0;0;0;0;0;0;0;0;0;0;0;0;0;1;5;0;3;0;0;1;0;3;3;1;0;1;2;4;0;0;1;0;0;2;0;0;1;0;0;0;0;3;1;0;3;1;0;1;1;0;0;1;3;0;0;0;0;0;0;1;0;0;1;2;0;0;3;0;0;0;1;3;0;0;0;0;1;0;0;0;2;1;0;1;0;0;2;0;0;1;0
APIOVEN;0;0;1;0;0;0;0;0;0;0;0;0;0;0;0;0;0;0;1;0;0;0;0;0;0;0;0;0;0;0;0;0;0;0;0;0;0;0;0;0;0;0;0;0;0;0;0;0;0;0;0;1;0;0;0;0;0;0;1;0;0;0;0;0;0;0;0;0;0;0;0;0;0;0;0;0;0;0;0;0;0;0;0;0;0;0;0;0;0;0;0;0;0;0;0;0;0;0;0;0;0;0;0;0;0;0;0;0;0;0;0;0;0;0;0;0;0;0;0;0;0;0;0;0;0;0;0;0;0;0;0;0;0;0;0;0;0;0;0;0;0;0;0;0;0;0;0;0;0;0;0;0;0;0
ARMICEP;0;1;0;5;4;4;4;0;0;0;0;4;0;1;0;0;0;0;0;0;2;1;0;0;1;0;0;0;0;0;1;1;0;0;0;0;0;0;0;0;0;0;0;0;0;0;0;1;1;0;0;0;0;0;0;0;2;1;4;0;0;0;0;0;0;1;1;0;2;0;0;0;2;0;0;0;0;0;0;0;0;0;0;0;1;1;0;1;0;1;2;0;0;0;0;1;0;0;0;3;1;0;0;2;0;1;0;0;1;0;0;1;0;0;1;0;1;0;3;1;2;1;1;0;1;1;0;0;0;0;1;0;3;1;0;3;0;3;0;0;0;0;0;0;0;1;0;0;0;0;0;0;1;0
ARMIGAL;2;4;0;4;20;15;8;0;0;3;1;14;1;10;0;0;0;0;1;2;1;1;0;2;2;0;0;0;0;1;1;1;2;1;1;1;0;2;1;2;1;1;1;3;3;1;1;3;4;2;1;1;1;1;0;3;7;2;11;1;1;4;0;1;2;1;2;0;2;0;1;1;4;2;1;0;1;3;1;1;1;0;0;2;5;4;2;1;1;3;7;0;0;1;1;2;3;1;1;5;1;1;1;3;2;1;0;2;1;1;1;1;1;1;1;2;3;1;5;3;5;1;2;2;1;1;4;0;1;2;2;1;8;1;4;3;1;8;0;0;1;1;1;1;2;2;2;3;1;2;1;1;3;1
ARMIMEL;3;7;0;4;15;20;8;1;0;3;1;13;1;10;1;2;1;1;1;3;1;1;2;2;1;2;0;0;2;1;1;1;3;1;0;2;1;2;1;4;1;1;1;3;3;1;1;4;6;3;0;3;2;1;0;5;6;2;10;1;0;4;1;3;2;1;2;2;2;2;2;1;3;1;1;2;1;5;1;3;1;1;1;2;5;4;2;1;1;2;8;2;0;1;1;3;3;1;1;6;1;1;1;3;3;1;0;3;1;0;1;1;1;1;1;3;2;1;4;3;4;2;1;2;1;1;4;0;1;3;2;1;7;1;5;3;1;7;0;1;1;1;1;2;2;2;2;1;1;3;0;1;1;1
ARMIOST;0;0;0;4;8;8;16;0;0;1;1;12;0;0;1;3;2;3;0;0;2;1;3;0;0;5;0;1;4;0;0;0;0;0;1;3;1;0;1;0;0;0;0;1;0;0;0;4;3;0;0;0;0;0;2;0;2;3;15;0;2;1;2;3;1;1;2;4;3;5;5;0;4;1;0;4;0;0;0;0;0;1;0;5;1;0;0;2;0;0;6;2;0;0;0;3;0;1;1;8;1;1;0;6;0;0;0;0;0;0;0;0;0;0;0;0;3;1;7;3;5;3;0;1;1;0;1;0;0;0;2;2;14;0;1;5;1;14;0;0;1;0;0;0;1;3;0;3;0;0;0;0;0;1
ASTETIL;0;1;0;0;0;1;0;1;0;0;0;0;0;0;0;0;0;0;0;0;0;0;0;0;0;0;0;0;0;0;0;0;0;0;0;0;0;0;0;0;0;0;0;0;0;0;0;0;0;0;0;0;0;0;0;0;0;0;0;0;0;0;0;0;0;0;0;0;0;0;0;0;0;0;0;0;0;0;0;0;0;0;1;0;0;0;0;0;0;0;0;0;0;0;0;0;0;0;0;0;0;0;0;0;0;0;0;0;0;0;0;0;0;0;0;0;0;0;0;0;0;0;0;0;0;0;0;0;0;0;0;0;0;0;0;0;0;0;0;0;0;0;0;0;0;0;0;0;0;0;0;0;0;0
BISCMED;0;0;0;0;0;0;0;0;1;0;0;0;0;1;0;0;0;0;0;0;0;0;0;0;0;0;0;0;0;0;0;0;0;0;0;0;0;0;0;0;0;0;0;0;0;1;0;0;0;0;0;0;0;0;0;0;0;0;0;0;0;0;0;0;0;0;0;0;0;0;0;0;0;0;0;0;0;1;0;0;0;0;0;0;0;0;0;0;0;0;0;0;0;0;0;0;0;0;0;0;0;0;0;0;0;0;0;0;0;0;0;0;0;0;0;0;0;0;0;0;0;0;0;0;0;0;0;0;0;0;0;0;0;0;0;0;0;0;0;0;0;0;0;0;0;0;0;0;0;0;0;0;0;0
BJERADU;1;2;0;0;3;3;1;0;0;3;0;2;0;2;0;0;0;0;0;1;0;0;0;1;0;0;0;0;0;0;0;0;1;0;0;0;0;0;0;1;0;0;0;0;1;1;0;1;1;1;0;1;0;0;0;1;1;0;2;1;0;3;0;1;0;0;0;0;0;0;0;0;0;0;0;0;1;2;0;0;0;0;0;0;2;1;1;0;1;1;3;0;0;1;0;0;1;1;1;2;0;0;0;0;1;0;0;1;0;0;1;0;0;0;0;1;0;1;1;1;1;0;0;0;0;0;1;0;0;1;1;1;1;0;2;1;0;1;0;0;0;0;0;1;1;0;0;1;0;1;0;0;0;1
BLUMJAA;0;0;0;0;1;1;1;0;0;0;1;1;0;0;0;0;0;0;0;0;0;0;0;0;0;0;0;0;0;0;0;0;0;0;0;0;0;0;0;0;0;0;0;1;0;0;0;0;1;0;0;0;0;0;0;0;0;0;0;0;0;0;0;0;1;0;0;0;0;0;0;0;0;0;0;0;0;0;0;0;0;0;0;0;0;0;0;0;0;0;0;0;0;0;0;0;0;0;0;0;0;0;0;0;0;0;0;0;0;0;0;0;0;0;0;0;0;0;0;0;0;0;0;1;0;0;0;0;0;0;0;0;0;0;0;0;1;0;0;0;1;0;0;0;1;0;0;0;0;0;0;0;0;0
BOTRCIN;3;4;0;4;14;13;12;0;0;2;1;24;1;7;1;3;2;3;1;2;2;1;3;2;2;4;0;0;4;0;1;1;1;1;2;4;1;1;1;3;0;1;1;2;4;0;0;6;6;3;1;1;2;0;3;3;7;3;13;0;2;3;2;3;2;1;1;3;3;4;5;1;2;2;0;3;0;3;0;2;0;1;0;6;4;2;0;1;0;2;7;2;0;0;0;5;2;1;1;7;1;1;0;5;2;1;0;3;1;1;0;1;1;1;1;3;1;1;5;2;3;3;2;2;1;1;4;1;1;3;2;2;12;1;3;4;1;11;0;1;1;1;1;1;1;4;2;2;1;2;1;1;3;1
BOTRDOT;0;0;0;0;1;1;0;0;0;0;0;1;1;1;0;0;0;0;1;1;0;0;0;0;0;0;0;0;0;0;0;0;0;1;0;0;0;0;0;0;0;1;1;1;0;0;0;0;0;0;0;0;0;0;0;0;1;0;0;0;0;0;0;0;1;0;0;0;0;0;0;1;0;1;0;0;0;0;0;0;0;0;0;0;0;0;0;0;0;0;0;0;0;0;0;0;0;0;0;0;0;0;0;0;0;0;0;0;0;0;0;0;0;1;0;0;0;0;0;0;0;0;0;1;0;0;1;0;1;0;0;0;0;0;0;0;0;0;0;0;0;1;1;0;0;0;1;0;1;1;0;0;0;0
BOTRSTE;3;5;0;1;10;10;0;0;1;2;0;7;1;14;0;0;0;0;1;3;0;0;0;2;1;0;1;0;0;1;1;1;2;1;0;0;0;2;0;3;1;1;1;2;4;2;1;2;4;3;1;2;2;1;0;4;6;0;4;1;0;4;0;0;1;0;0;0;0;0;0;1;0;1;1;0;1;5;1;2;1;0;0;0;5;4;2;0;1;3;5;0;0;1;1;0;3;0;0;3;0;0;1;0;3;1;0;3;1;1;1;1;1;1;1;3;0;0;0;0;0;0;1;1;0;1;5;0;1;3;0;0;0;1;4;0;0;0;0;1;0;1;1;2;1;0;2;0;1;3;1;1;2;0
CALIPIN;0;0;0;0;0;1;1;0;0;0;0;1;0;0;1;1;0;1;0;0;0;0;1;0;0;1;0;0;1;0;0;0;0;0;0;1;1;0;0;0;0;0;0;0;0;0;0;1;0;0;0;0;0;0;0;0;0;0;1;0;0;0;1;1;0;0;0;1;0;1;1;0;0;0;0;1;0;0;0;0;0;0;0;1;0;0;0;0;0;0;1;1;0;0;0;1;0;0;0;1;0;0;0;1;0;0;0;0;0;0;0;0;0;0;0;0;0;0;0;0;0;1;0;0;0;0;0;0;0;0;0;0;1;0;0;0;0;1;0;0;0;0;0;0;0;0;0;0;0;0;0;0;0;0
CENAFER;0;0;0;0;0;2;3;0;0;0;0;3;0;0;1;3;2;2;0;0;0;0;3;0;0;3;0;0;3;0;0;0;0;0;1;3;1;0;0;0;0;0;0;0;0;0;0;2;2;0;0;0;0;0;1;0;0;0;3;0;0;0;2;2;0;0;0;3;0;3;3;0;0;0;0;3;0;0;0;0;0;1;0;3;0;0;0;0;0;0;2;2;0;0;0;2;0;0;0;2;0;0;0;2;0;0;0;0;0;0;0;0;0;0;0;0;0;0;1;0;0;2;0;0;0;0;1;0;0;0;0;1;3;0;0;1;0;3;0;0;0;0;0;0;0;2;0;0;0;0;0;0;0;0
CERAIPS;0;0;0;0;0;1;2;0;0;0;0;2;0;0;0;2;2;1;0;0;0;0;2;0;0;2;0;0;2;0;0;0;0;0;1;2;0;0;0;0;0;0;0;0;0;0;0;1;2;0;0;0;0;0;1;0;0;0;2;0;0;0;1;1;0;0;0;2;0;2;2;0;0;0;0;2;0;0;0;0;0;1;0;2;0;0;0;0;0;0;1;1;0;0;0;1;0;0;0;1;0;0;0;1;0;0;0;0;0;0;0;0;0;0;0;0;0;0;1;0;0;1;0;0;0;0;1;0;0;0;0;1;2;0;0;1;0;2;0;0;0;0;0;0;0;2;0;0;0;0;0;0;0;0
CERAMIN;0;0;0;0;0;1;3;0;0;0;0;3;0;0;1;2;1;3;0;0;0;0;2;0;0;3;0;0;2;0;0;0;0;0;1;2;1;0;0;0;0;0;0;0;0;0;0;2;1;0;0;0;0;0;2;0;0;1;3;0;0;0;2;1;0;0;0;2;0;3;3;0;0;0;0;2;0;0;0;0;0;0;0;3;0;0;0;0;0;0;2;1;0;0;0;1;0;0;0;2;0;0;0;2;0;0;0;0;0;0;0;0;0;0;0;0;0;0;1;0;0;2;0;0;0;0;1;0;0;0;0;1;3;0;0;1;0;3;0;0;0;0;0;0;0;1;0;0;0;0;0;0;0;0
CERAPLA;0;0;1;0;1;1;0;0;0;0;0;1;1;1;0;0;0;0;2;1;0;0;0;0;0;0;0;0;0;0;0;0;0;1;0;0;0;0;0;0;0;1;1;1;0;0;0;0;0;0;0;1;0;0;0;0;1;0;1;0;0;0;0;0;1;0;0;0;0;0;0;1;0;1;0;0;0;0;0;0;0;0;0;0;0;0;0;0;0;0;0;0;0;0;0;0;0;0;0;0;0;0;0;0;0;0;0;0;0;0;0;0;0;1;0;0;0;0;0;0;0;0;0;1;0;0;1;0;1;0;0;0;0;0;0;0;0;0;0;0;0;1;1;0;0;0;1;0;1;1;0;0;0;0
CHONPUR;1;2;0;0;2;3;0;0;0;1;0;2;1;3;0;0;0;0;1;3;0;0;0;0;0;0;0;0;0;0;0;0;0;1;0;0;0;0;0;1;0;1;1;1;1;1;0;1;2;1;0;2;1;0;0;1;2;0;1;1;0;1;0;0;1;0;0;0;0;0;0;1;0;1;0;0;1;2;0;1;0;0;0;0;2;1;1;0;1;1;2;0;0;1;0;0;0;0;0;0;0;0;0;0;2;0;0;1;0;0;1;0;0;1;0;1;0;0;0;0;0;0;0;1;0;0;3;0;1;1;0;0;0;0;2;0;0;0;0;1;0;1;1;2;1;0;1;0;1;3;0;0;0;0
CHRYABI;0;0;0;2;1;1;2;0;0;0;0;2;0;0;0;0;0;0;0;0;2;1;0;0;0;0;0;0;0;0;0;0;0;0;0;0;0;0;0;0;0;0;0;0;0;0;0;0;0;0;0;0;0;0;0;0;0;1;2;0;0;0;0;0;0;1;0;0;2;0;0;0;1;0;0;0;0;0;0;0;0;0;0;0;0;0;0;1;0;0;1;0;0;0;0;0;0;0;0;2;1;0;0;1;0;0;0;0;0;0;0;0;0;0;0;0;0;0;2;0;1;1;0;0;1;0;0;0;0;0;1;0;1;0;0;2;0;1;0;0;0;0;0;0;0;1;0;0;0;0;0;0;0;0
CHRYLED;0;0;0;1;1;1;1;0;0;0;0;1;0;0;0;0;0;0;0;0;1;1;0;0;0;0;0;0;0;0;0;0;0;0;0;0;0;0;0;0;0;0;0;0;0;0;0;0;0;0;0;0;0;0;0;0;0;1;1;0;0;0;0;0;0;1;0;0;1;0;0;0;1;0;0;0;0;0;0;0;0;0;0;0;0;0;0;1;0;0;1;0;0;0;0;0;0;0;0;1;1;0;0;1;0;0;0;0;0;0;0;0;0;0;0;0;0;0;1;0;1;1;0;0;1;0;0;0;0;0;1;0;1;0;0;1;0;1;0;0;0;0;0;0;0;1;0;0;0;0;0;0;0;0
COLETUS;0;0;0;0;0;2;3;0;0;0;0;3;0;0;1;3;2;2;0;0;0;0;3;0;0;3;0;0;3;0;0;0;0;0;1;3;1;0;0;0;0;0;0;0;0;0;0;2;2;0;0;0;0;0;1;0;0;0;3;0;0;0;2;2;0;0;0;3;0;3;3;0;0;0;0;3;0;0;0;0;0;1;0;3;0;0;0;0;0;0;2;2;0;0;0;2;0;0;0;2;0;0;0;2;0;0;0;0;0;0;0;0;0;0;0;0;0;0;1;0;0;2;0;0;0;0;1;0;0;0;0;1;3;0;0;1;0;3;0;0;0;0;0;0;0;2;0;0;0;0;0;0;0;0
COLPQUE;2;2;0;0;2;2;0;0;0;1;0;2;0;2;0;0;0;0;0;0;0;0;0;2;0;0;0;0;0;0;0;0;1;0;0;0;0;1;0;2;0;0;0;0;2;0;0;0;1;2;0;0;1;0;0;2;1;0;0;0;0;2;0;0;0;0;0;0;0;0;0;0;0;0;0;0;0;2;0;1;0;0;0;0;0;1;0;0;0;0;2;0;0;0;0;0;2;0;0;1;0;0;0;0;1;0;0;2;0;0;0;0;0;0;0;2;0;0;0;0;0;0;0;0;0;0;0;0;0;2;0;0;0;0;1;0;0;0;0;0;0;0;0;0;0;0;1;0;0;0;0;0;0;0
CRISDEP;0;1;0;1;2;1;0;0;0;0;0;2;0;1;0;0;0;0;0;0;0;0;0;0;2;0;0;0;0;0;1;1;0;0;0;0;0;0;0;0;0;0;0;0;0;0;0;1;1;0;0;0;0;0;0;0;1;0;0;0;0;0;0;0;0;0;0;0;0;0;0;0;0;0;0;0;0;0;0;0;0;0;0;0;1;1;0;0;0;1;0;0;0;0;0;0;0;0;0;0;0;0;0;0;0;1;0;0;1;0;0;1;0;0;1;0;0;0;0;0;0;0;2;0;0;1;0;0;0;0;0;0;0;1;0;0;0;0;0;0;0;0;0;0;0;0;0;0;0;0;0;0;2;0
CRONFLA;0;0;0;0;0;2;5;0;0;0;0;4;0;0;1;3;2;3;0;0;0;0;3;0;0;5;0;0;4;0;0;0;0;0;1;3;1;0;0;0;0;0;0;0;0;0;0;3;2;0;0;0;0;0;2;0;0;1;5;0;0;0;2;2;0;0;0;3;0;4;4;0;0;0;0;3;0;0;0;0;0;1;0;4;0;0;0;0;0;0;2;2;0;0;0;2;0;0;0;2;0;0;0;3;0;0;0;0;0;0;0;0;0;0;0;0;0;0;1;0;0;2;0;0;0;0;1;0;0;0;0;1;5;0;0;1;0;5;0;0;0;0;0;0;0;2;0;0;0;0;0;0;0;0
CRONQUE;0;0;0;0;0;0;0;0;0;0;0;0;0;1;0;0;0;0;0;0;0;0;0;0;0;0;1;0;0;0;0;0;0;0;0;0;0;0;0;0;0;0;0;0;0;0;0;0;0;0;0;0;0;0;0;0;0;0;0;0;0;0;0;0;0;0;0;0;0;0;0;0;0;0;0;0;0;0;0;0;0;0;0;0;0;0;0;0;0;0;0;0;0;0;0;0;0;0;0;1;0;0;0;0;0;0;0;0;0;0;0;0;0;0;0;0;0;0;0;0;0;0;0;0;0;0;0;0;0;0;0;0;0;0;0;0;0;0;0;0;0;0;0;0;0;0;0;0;0;0;0;0;0;0
CRONRIB;0;0;0;0;0;0;1;0;0;0;0;0;0;0;0;0;0;0;0;0;0;0;0;0;0;0;0;1;0;0;0;0;0;0;0;0;0;0;0;0;0;0;0;0;0;0;0;0;0;0;0;0;0;0;0;0;0;0;1;0;0;0;0;0;0;0;0;1;0;1;1;0;0;0;0;1;0;0;0;0;0;0;0;0;0;0;0;1;0;0;0;0;0;0;0;0;0;0;0;1;0;0;0;0;0;0;0;0;0;0;0;0;0;0;0;0;0;0;0;0;0;0;0;0;0;0;0;0;0;0;0;0;1;0;0;0;0;1;0;0;0;0;0;0;0;0;0;0;0;0;0;0;0;0
CRUMSOR;0;0;0;0;0;2;4;0;0;0;0;4;0;0;1;3;2;2;0;0;0;0;3;0;0;4;0;0;5;0;0;0;0;0;1;3;1;0;0;0;0;0;0;0;0;0;0;3;2;0;0;0;0;0;1;0;0;0;4;0;0;0;2;2;0;0;0;3;0;3;3;0;0;0;0;3;0;0;0;0;0;1;0;3;0;0;0;0;0;0;2;2;0;0;0;2;0;0;0;2;0;0;0;3;0;0;0;0;0;0;0;0;0;0;0;0;0;0;1;0;0;2;0;0;0;0;1;0;0;0;0;1;5;0;0;1;0;4;0;0;0;0;0;0;0;2;0;0;0;0;0;0;0;0
CRYPCAS;0;0;0;0;1;1;0;0;0;0;0;0;0;1;0;0;0;0;0;0;0;0;0;0;0;0;0;0;0;1;0;0;1;0;0;0;0;0;0;0;1;0;0;1;0;0;1;0;0;0;0;0;0;0;0;1;0;0;0;0;0;0;0;0;0;0;0;0;0;0;0;0;0;0;1;0;0;0;0;0;1;0;0;0;0;0;0;0;0;0;0;0;0;0;0;0;1;0;0;0;0;0;0;0;0;0;0;0;0;0;0;0;0;0;0;0;0;0;0;0;0;0;0;0;0;0;0;0;0;0;0;0;0;0;1;0;0;0;0;0;0;0;0;0;0;0;0;0;0;0;0;0;0;0
CRYPCOR;0;1;0;1;1;1;0;0;0;0;0;1;0;1;0;0;0;0;0;0;0;0;0;0;1;0;0;0;0;0;1;1;0;0;0;0;0;0;0;0;0;0;0;0;0;0;0;1;1;0;0;0;0;0;0;0;1;0;0;0;0;0;0;0;0;0;0;0;0;0;0;0;0;0;0;0;0;0;0;0;0;0;0;0;1;1;0;0;0;1;0;0;0;0;0;0;0;0;0;0;0;0;0;0;0;1;0;0;1;0;0;1;0;0;1;0;0;0;0;0;0;0;1;0;0;1;0;0;0;0;0;0;0;1;0;0;0;0;0;0;0;0;0;0;0;0;0;0;0;0;0;0;1;0
CRYPHYA;0;1;0;1;1;1;0;0;0;0;0;1;0;1;0;0;0;0;0;0;0;0;0;0;1;0;0;0;0;0;1;1;0;0;0;0;0;0;0;0;0;0;0;0;0;0;0;1;1;0;0;0;0;0;0;0;1;0;0;0;0;0;0;0;0;0;0;0;0;0;0;0;0;0;0;0;0;0;0;0;0;0;0;0;1;1;0;0;0;1;0;0;0;0;0;0;0;0;0;0;0;0;0;0;0;1;0;0;1;0;0;1;0;0;1;0;0;0;0;0;0;0;1;0;0;1;0;0;0;0;0;0;0;1;0;0;0;0;0;0;0;0;0;0;0;0;0;0;0;0;0;0;1;0
CRYPPAR;1;2;0;0;2;3;0;0;0;1;0;1;0;2;0;0;0;0;0;0;0;0;0;1;0;0;0;0;0;1;0;0;4;0;0;0;0;0;0;2;1;0;0;1;1;0;1;0;0;1;0;1;0;0;0;3;1;0;0;0;0;1;0;0;0;0;0;0;0;0;0;0;0;0;1;0;0;3;0;1;1;0;0;0;0;0;0;0;0;0;1;0;0;0;0;0;2;0;0;1;0;0;0;0;0;0;0;1;0;0;0;0;0;0;0;1;0;0;0;0;0;0;0;0;0;0;0;0;0;1;0;0;0;0;1;0;0;0;0;0;0;0;0;0;0;0;0;0;0;0;0;0;0;0
CRYPPOP;0;0;0;0;1;1;0;0;0;0;0;1;1;1;0;0;0;0;1;1;0;0;0;0;0;0;0;0;0;0;0;0;0;1;0;0;0;0;0;0;0;1;1;1;0;0;0;0;0;0;0;0;0;0;0;0;1;0;0;0;0;0;0;0;1;0;0;0;0;0;0;1;0;1;0;0;0;0;0;0;0;0;0;0;0;0;0;0;0;0;0;0;0;0;0;0;0;0;0;0;0;0;0;0;0;0;0;0;0;0;0;0;0;1;0;0;0;0;0;0;0;0;0;1;0;0;1;0;1;0;0;0;0;0;0;0;0;0;0;0;0;1;1;0;0;0;1;0;1;1;0;0;0;0
CYCLMIN;0;0;0;0;1;0;1;0;0;0;0;2;0;0;0;1;1;1;0;0;0;0;1;0;0;1;0;0;1;0;0;0;0;0;2;2;0;0;0;0;0;0;0;0;0;0;0;2;1;0;0;0;0;0;1;0;0;0;2;0;0;0;1;0;0;0;0;1;0;1;2;0;0;0;0;1;0;0;0;0;0;0;0;2;0;0;0;0;0;0;1;0;0;0;0;1;0;0;0;1;0;0;0;1;0;0;0;0;0;0;0;0;0;0;0;0;0;0;1;0;0;1;0;0;0;0;1;0;0;0;0;1;2;0;0;1;0;2;0;0;0;0;0;0;0;2;0;0;0;0;0;0;0;0
CYCLNIV;0;0;0;0;1;2;3;0;0;0;0;4;0;0;1;3;2;2;0;0;0;0;3;0;0;3;0;0;3;0;0;0;0;0;2;4;1;0;0;0;0;0;0;0;0;0;0;3;2;0;0;0;0;0;1;0;0;0;4;0;0;0;2;2;0;0;0;3;0;3;4;0;0;0;0;3;0;0;0;0;0;1;0;4;0;0;0;0;0;0;2;2;0;0;0;3;0;0;0;2;0;0;0;2;0;0;0;0;0;0;0;0;0;0;0;0;0;0;1;0;0;2;0;0;0;0;1;0;0;0;0;1;4;0;0;1;0;4;0;0;0;0;0;0;0;3;0;0;0;0;0;0;0;0
CYLIDID;0;0;0;0;0;1;1;0;0;0;0;1;0;0;1;1;0;1;0;0;0;0;1;0;0;1;0;0;1;0;0;0;0;0;0;1;1;0;0;0;0;0;0;0;0;0;0;1;0;0;0;0;0;0;0;0;0;0;1;0;0;0;1;1;0;0;0;1;0;1;1;0;0;0;0;1;0;0;0;0;0;0;0;1;0;0;0;0;0;0;1;1;0;0;0;1;0;0;0;1;0;0;0;1;0;0;0;0;0;0;0;0;0;0;0;0;0;0;0;0;0;1;0;0;0;0;0;0;0;0;0;0;1;0;0;0;0;1;0;0;0;0;0;0;0;0;0;0;0;0;0;0;0;0
DAEDCON;1;1;0;0;2;2;0;0;0;0;0;1;0;2;0;0;0;0;0;0;0;0;0;1;0;0;0;0;0;0;0;0;0;0;0;0;0;2;0;1;0;0;0;0;1;0;0;0;1;1;0;0;1;0;0;1;0;0;0;0;0;1;0;0;0;0;0;0;0;0;0;0;0;0;0;0;0;1;0;1;0;0;0;0;0;1;1;0;0;0;1;0;0;0;1;0;1;0;0;0;0;0;1;0;1;0;0;1;0;0;0;0;0;0;0;1;0;0;0;0;0;0;0;0;0;0;0;0;0;1;0;0;0;0;1;0;0;0;0;0;0;0;0;0;0;0;1;0;0;0;0;0;0;0
DELPABI;0;0;0;0;1;1;1;0;0;0;0;1;0;0;0;0;0;0;0;0;0;0;0;0;0;0;0;0;0;0;0;0;0;0;0;0;0;0;1;0;0;0;0;0;0;0;0;0;0;0;0;0;0;0;0;0;0;1;1;0;0;0;0;0;0;0;1;0;1;0;0;0;1;0;0;0;0;0;0;0;0;0;0;0;0;0;0;0;0;0;0;0;0;0;0;0;0;0;0;0;0;1;0;0;0;0;0;0;0;0;0;0;0;0;0;0;1;0;1;1;1;0;0;0;0;0;0;0;0;0;0;0;1;0;0;0;0;1;0;0;0;0;0;0;0;0;0;0;0;0;0;0;0;0
DICADRY;3;4;0;0;2;4;0;0;0;1;0;3;0;3;0;0;0;0;0;1;0;0;0;2;0;0;0;0;0;0;0;0;2;0;0;0;0;1;0;4;0;0;0;0;3;0;0;1;2;3;0;2;2;0;0;4;2;0;0;0;0;2;0;0;0;0;0;0;0;0;0;0;0;0;0;0;0;4;0;3;0;0;0;0;1;1;0;0;0;0;3;0;0;0;0;0;2;0;0;1;0;0;0;0;2;0;0;3;0;0;0;0;0;0;0;3;0;0;0;0;0;0;0;0;0;0;1;0;0;3;0;0;0;0;2;0;0;0;0;1;0;0;0;1;0;0;1;0;0;1;0;0;0;0
DISCCAS;0;0;0;0;1;1;0;0;0;0;0;0;0;1;0;0;0;0;0;0;0;0;0;0;0;0;0;0;0;1;0;0;1;0;0;0;0;0;0;0;1;0;0;1;0;0;1;0;0;0;0;0;0;0;0;1;0;0;0;0;0;0;0;0;0;0;0;0;0;0;0;0;0;0;1;0;0;0;0;0;1;0;0;0;0;0;0;0;0;0;0;0;0;0;0;0;1;0;0;0;0;0;0;0;0;0;0;0;0;0;0;0;0;0;0;0;0;0;0;0;0;0;0;0;0;0;0;0;0;0;0;0;0;0;1;0;0;0;0;0;0;0;0;0;0;0;0;0;0;0;0;0;0;0
DREPPUN;0;0;0;0;1;1;0;0;0;0;0;1;1;1;0;0;0;0;1;1;0;0;0;0;0;0;0;0;0;0;0;0;0;1;0;0;0;0;0;0;0;1;1;1;0;0;0;0;0;0;0;0;0;0;0;0;1;0;0;0;0;0;0;0;1;0;0;0;0;0;0;1;0;1;0;0;0;0;0;0;0;0;0;0;0;0;0;0;0;0;0;0;0;0;0;0;0;0;0;0;0;0;0;0;0;0;0;0;0;0;0;0;0;1;0;0;0;0;0;0;0;0;0;1;0;0;1;0;1;0;0;0;0;0;0;0;0;0;0;0;0;1;1;0;0;0;1;0;1;1;0;0;0;0
ENTOMAM;0;0;0;0;1;1;0;0;0;0;0;1;1;1;0;0;0;0;1;1;0;0;0;0;0;0;0;0;0;0;0;0;0;1;0;0;0;0;0;0;0;1;2;1;0;0;0;0;0;0;0;0;0;0;0;0;1;0;0;0;0;0;0;0;1;0;0;0;0;0;0;1;0;1;0;0;0;0;0;0;0;0;0;0;0;0;0;0;0;0;0;0;0;0;0;0;0;0;0;0;0;0;0;0;0;0;0;0;0;0;0;0;0;2;0;0;0;0;0;0;0;0;0;1;0;0;1;0;1;0;0;0;0;0;0;0;0;0;0;0;0;1;1;0;0;0;1;0;1;1;0;0;0;0
EUTYLAT;0;0;0;0;3;3;1;0;0;0;1;2;1;2;0;0;0;0;1;1;0;0;0;0;0;0;0;0;0;1;0;0;1;1;0;0;0;0;0;0;1;1;1;3;0;0;1;0;1;0;0;0;0;0;0;1;1;0;0;0;0;0;0;0;2;0;0;0;0;0;0;1;0;1;1;0;0;0;0;0;1;0;0;0;0;0;0;0;0;0;0;0;0;0;0;0;1;0;0;0;0;0;0;0;0;0;0;0;0;0;0;0;0;1;0;0;0;0;0;0;0;0;0;2;0;0;1;0;1;0;0;0;0;0;1;0;1;0;0;0;1;1;1;0;1;0;1;0;1;1;0;0;0;0
FISTHEP;3;3;0;0;3;3;0;0;0;1;0;4;0;4;0;0;0;0;0;1;0;0;0;2;0;0;0;0;0;0;0;0;1;0;0;0;0;1;0;3;0;0;0;0;4;0;0;1;2;3;1;1;2;0;0;3;3;0;0;0;0;2;0;0;0;0;0;0;0;0;0;0;0;0;0;0;0;3;0;2;0;0;0;0;2;1;0;0;0;1;3;0;0;0;0;0;2;0;0;1;0;0;0;0;2;0;0;3;0;1;0;0;0;0;0;3;0;0;0;0;0;0;0;0;0;0;2;0;0;3;0;0;0;0;2;0;0;0;0;1;0;0;0;1;0;0;1;0;0;1;1;0;1;0
FOMEFOM;0;1;0;0;1;1;0;0;1;1;0;0;0;2;0;0;0;0;0;1;0;0;0;0;0;0;0;0;0;0;0;0;0;0;0;0;0;0;0;0;0;0;0;0;0;2;0;0;1;0;0;1;0;0;0;0;0;0;1;1;0;1;0;0;0;0;0;0;0;0;0;0;0;0;0;0;1;2;0;0;0;0;0;0;1;1;1;0;1;1;1;0;0;1;0;0;0;0;0;0;0;0;0;0;1;0;0;0;0;0;1;0;0;0;0;0;0;0;0;0;0;0;0;0;0;0;1;0;0;0;0;0;0;0;1;0;0;0;0;0;0;0;0;1;1;0;0;0;0;1;0;0;0;0
FOMICYT;0;0;0;0;1;1;0;0;0;0;0;0;0;1;0;0;0;0;0;0;0;0;0;0;0;0;0;0;0;1;0;0;1;0;0;0;0;0;0;0;1;0;0;1;0;0;1;0;0;0;0;0;0;0;0;1;0;0;0;0;0;0;0;0;0;0;0;0;0;0;0;0;0;0;1;0;0;0;0;0;1;0;0;0;0;0;0;0;0;0;0;0;0;0;0;0;1;0;0;0;0;0;0;0;0;0;0;0;0;0;0;0;0;0;0;0;0;0;0;0;0;0;0;0;0;0;0;0;0;0;0;0;0;0;1;0;0;0;0;0;0;0;0;0;0;0;0;0;0;0;0;0;0;0
FOMIPIN;1;2;0;1;3;4;4;0;0;1;0;6;0;2;1;2;1;2;0;1;0;0;2;0;1;3;0;0;3;0;1;1;0;0;2;3;1;0;0;1;0;0;0;0;1;0;0;8;3;1;0;1;1;0;1;1;2;0;5;0;0;1;2;2;0;0;0;2;0;2;3;0;0;0;0;2;0;1;0;1;0;0;0;3;3;1;0;0;0;2;4;1;0;0;0;2;0;1;1;3;0;0;0;3;1;1;0;1;1;0;0;1;0;0;1;1;0;1;2;1;1;2;1;0;0;1;2;0;0;1;1;2;5;1;2;2;0;5;0;1;0;0;0;1;0;2;0;1;0;1;0;1;1;1
FUSAOXY;2;4;0;1;4;6;3;0;0;1;1;6;0;4;0;2;2;1;0;2;0;0;2;1;1;2;0;0;2;0;1;1;0;0;1;2;0;1;0;2;0;0;0;1;2;1;0;3;7;2;0;2;2;0;1;2;2;0;3;1;0;2;1;1;1;0;0;2;0;2;2;0;0;0;0;2;1;3;0;2;0;1;0;2;3;3;1;0;1;2;4;1;0;1;0;1;1;0;0;1;0;0;0;1;3;1;0;2;1;0;1;1;0;0;1;2;0;0;1;0;0;1;1;1;0;1;3;0;0;2;0;1;2;1;3;1;1;2;0;1;1;0;0;2;2;2;1;0;0;2;0;0;1;0
FUSIQUE;3;3;0;0;2;3;0;0;0;1;0;3;0;3;0;0;0;0;0;1;0;0;0;2;0;0;0;0;0;0;0;0;1;0;0;0;0;1;0;3;0;0;0;0;3;0;0;1;2;3;0;1;2;0;0;3;2;0;0;0;0;2;0;0;0;0;0;0;0;0;0;0;0;0;0;0;0;3;0;2;0;0;0;0;1;1;0;0;0;0;3;0;0;0;0;0;2;0;0;1;0;0;0;0;2;0;0;3;0;0;0;0;0;0;0;3;0;0;0;0;0;0;0;0;0;0;1;0;0;3;0;0;0;0;2;0;0;0;0;1;0;0;0;1;0;0;1;0;0;1;0;0;0;0
GANOADS;0;0;0;0;1;0;0;0;0;0;0;1;0;1;0;0;0;0;0;0;0;0;0;0;0;0;0;0;0;0;0;0;0;0;0;0;0;0;0;0;0;0;0;0;1;0;0;0;0;0;1;0;0;0;0;0;1;0;0;0;0;0;0;0;0;0;0;0;0;0;0;0;0;0;0;0;0;0;0;0;0;0;0;0;1;0;0;0;0;1;0;0;0;0;0;0;0;0;0;0;0;0;0;0;0;0;0;0;0;1;0;0;0;0;0;0;0;0;0;0;0;0;0;0;0;0;1;0;0;0;0;0;0;0;0;0;0;0;0;0;0;0;0;0;0;0;0;0;0;0;1;0;1;0
GANOAPP;1;3;1;0;1;3;0;0;0;1;0;1;0;2;0;0;0;0;1;2;0;0;0;0;0;0;0;0;0;0;0;0;1;0;0;0;0;0;0;2;0;0;0;0;1;1;0;1;2;1;0;4;1;0;0;2;1;0;2;1;0;1;0;0;0;0;0;0;0;0;0;0;0;0;0;0;1;3;0;2;0;0;0;0;2;1;1;0;1;1;2;0;0;1;0;0;0;0;0;0;0;0;0;0;2;0;0;1;0;0;1;0;0;0;0;1;0;0;0;0;0;0;0;0;0;0;2;0;0;1;0;0;0;0;2;0;0;0;0;1;0;0;0;2;1;0;0;0;0;2;0;0;0;0
GANORES;2;2;0;0;1;2;0;0;0;0;0;2;0;2;0;0;0;0;0;1;0;0;0;1;0;0;0;0;0;0;0;0;0;0;0;0;0;1;0;2;0;0;0;0;2;0;0;1;2;2;0;1;2;0;0;2;1;0;0;0;0;1;0;0;0;0;0;0;0;0;0;0;0;0;0;0;0;2;0;2;0;0;0;0;1;1;0;0;0;0;2;0;0;0;0;0;1;0;0;0;0;0;0;0;2;0;0;2;0;0;0;0;0;0;0;2;0;0;0;0;0;0;0;0;0;0;1;0;0;2;0;0;0;0;2;0;0;0;0;1;0;0;0;1;0;0;1;0;0;1;0;0;0;0
GNOMLEP;0;0;0;0;1;1;0;0;0;0;0;0;0;1;0;0;0;0;0;0;0;0;0;0;0;0;0;0;0;0;0;0;0;0;0;0;0;0;0;0;0;0;0;0;0;0;0;0;0;0;0;0;0;1;0;0;1;0;1;0;0;0;0;0;0;0;0;0;0;0;0;0;0;0;0;0;0;0;1;0;0;0;0;0;1;1;0;0;0;0;0;0;0;0;0;0;0;0;0;1;0;0;0;0;0;0;0;0;0;0;0;0;0;0;0;0;0;0;0;0;0;0;0;0;0;0;1;0;0;0;0;0;0;0;0;0;0;0;0;0;0;0;0;0;0;0;0;0;0;0;0;0;0;0
GREMABI;0;0;0;0;0;0;2;0;0;0;0;3;0;0;0;1;1;2;0;0;0;0;1;0;0;2;0;0;1;0;0;0;0;0;1;1;0;0;0;0;0;0;0;0;0;0;0;1;1;0;0;0;0;0;3;0;0;1;2;0;0;0;1;0;0;0;0;1;0;2;2;0;0;0;0;1;0;0;0;0;0;0;0;2;0;0;0;0;0;0;1;0;0;0;0;0;0;0;0;1;0;0;0;1;0;0;0;0;0;0;0;0;0;0;0;0;0;0;1;0;0;1;0;0;0;0;1;0;0;0;0;1;2;0;0;1;0;2;0;0;0;0;0;0;0;1;0;0;0;0;0;0;0;0
GYMNFUS;3;4;0;0;3;5;0;0;0;1;0;3;0;4;0;0;0;0;0;1;0;0;0;2;0;0;0;0;0;1;0;0;3;0;0;0;0;1;0;4;1;0;0;1;3;0;1;1;2;3;0;2;2;0;0;5;2;0;0;0;0;2;0;0;0;0;0;0;0;0;0;0;0;0;1;0;0;4;0;3;1;0;0;0;1;1;0;0;0;0;3;0;0;0;0;0;3;0;0;1;0;0;0;0;2;0;0;3;0;0;0;0;0;0;0;3;0;0;0;0;0;0;0;0;0;0;1;0;0;3;0;0;0;0;3;0;0;0;0;1;0;0;0;1;0;0;1;0;0;1;0;0;0;0
HAEMHAE;2;3;0;2;7;6;2;0;0;1;0;7;1;6;0;0;0;0;1;2;0;0;0;1;1;0;0;0;0;0;1;1;1;1;0;0;0;0;0;2;0;1;1;1;3;0;0;2;2;2;1;1;1;1;0;2;8;0;3;0;1;1;0;0;1;0;0;0;0;0;0;1;0;2;0;0;0;2;1;1;0;0;0;1;4;2;0;0;0;2;2;0;0;0;0;1;1;0;0;2;0;0;0;2;1;1;0;2;1;1;0;1;0;1;1;2;0;0;0;0;0;0;1;1;0;1;4;0;1;2;0;0;2;1;1;0;0;2;0;1;0;1;1;1;0;0;1;1;1;2;1;0;2;0
HERPJUN;0;0;0;1;2;2;3;0;0;0;0;3;0;0;0;0;0;1;0;0;1;1;0;0;0;1;0;0;0;0;0;0;0;0;0;0;0;0;1;0;0;0;0;0;0;0;0;0;0;0;0;0;0;0;1;0;0;3;3;0;0;0;0;0;0;1;1;0;2;1;1;0;2;0;0;0;0;0;0;0;0;0;0;1;0;0;0;1;0;0;1;0;0;0;0;0;0;0;0;1;1;1;0;1;0;0;0;0;0;0;0;0;0;0;0;0;1;0;2;1;2;1;0;0;1;0;0;0;0;0;1;0;3;0;0;1;0;3;0;0;0;0;0;0;0;1;0;0;0;0;0;0;0;0
HETEANN;0;1;1;4;11;10;15;0;0;2;0;13;0;4;1;3;2;3;1;1;2;1;3;0;0;5;0;1;4;0;0;0;0;0;2;4;1;0;1;0;0;0;0;0;0;1;0;5;3;0;0;2;0;1;2;0;3;3;23;1;2;3;2;3;0;1;2;4;3;5;6;0;4;1;0;5;1;1;1;0;0;1;0;7;3;2;1;2;1;1;8;2;0;1;0;4;0;1;1;10;1;1;0;6;1;0;0;0;0;0;1;0;1;0;0;0;3;1;7;3;5;3;0;0;1;0;3;0;0;0;2;2;16;0;2;5;0;15;0;0;0;0;0;1;1;4;0;3;0;1;0;1;0;1
HYPOFRA;0;1;0;0;1;1;0;0;0;1;0;0;0;1;0;0;0;0;0;1;0;0;0;0;0;0;0;0;0;0;0;0;0;0;0;0;0;0;0;0;0;0;0;0;0;1;0;0;1;0;0;1;0;0;0;0;0;0;1;1;0;1;0;0;0;0;0;0;0;0;0;0;0;0;0;0;1;1;0;0;0;0;0;0;1;1;1;0;1;1;1;0;0;1;0;0;0;0;0;0;0;0;0;0;1;0;0;0;0;0;1;0;0;0;0;0;0;0;0;0;0;0;0;0;0;0;1;0;0;0;0;0;0;0;1;0;0;0;0;0;0;0;0;1;1;0;0;0;0;1;0;0;0;0
LACHWIL;0;0;0;0;1;0;2;0;0;0;0;2;0;0;0;0;0;0;0;0;0;0;0;0;0;0;0;0;0;0;0;0;0;0;0;0;0;0;0;0;0;0;0;0;0;0;0;0;0;0;0;0;0;0;0;0;1;0;2;0;2;0;0;0;0;0;0;0;0;0;0;0;0;1;0;0;0;0;0;0;0;0;0;1;0;0;0;0;0;0;0;0;0;0;0;0;0;0;0;1;0;0;0;1;0;0;0;0;0;0;0;0;0;0;0;0;0;0;0;0;0;0;0;0;0;0;0;0;0;0;0;0;2;0;0;0;0;2;0;0;0;0;0;0;0;0;0;1;0;0;0;0;0;0
LAETSUL;2;3;0;0;4;4;1;0;0;3;0;3;0;4;0;0;0;0;0;1;0;0;0;2;0;0;0;0;0;0;0;0;1;0;0;0;0;1;0;2;0;0;0;0;2;1;0;1;2;2;0;1;1;0;0;2;1;0;3;1;0;5;0;1;0;0;0;0;0;0;0;0;0;0;0;0;1;3;0;1;0;0;0;0;2;2;1;0;1;1;5;0;0;1;0;0;2;1;1;2;0;0;0;0;2;0;0;2;0;0;1;0;0;0;0;2;0;1;1;1;1;0;0;0;0;0;1;0;0;2;1;1;1;0;3;1;0;1;0;0;0;0;0;1;1;0;1;1;0;1;0;0;0;1
LEPTLUN;0;0;0;0;0;1;2;0;0;0;0;2;0;0;1;2;1;2;0;0;0;0;2;0;0;2;0;0;2;0;0;0;0;0;1;2;1;0;0;0;0;0;0;0;0;0;0;2;1;0;0;0;0;0;1;0;0;0;2;0;0;0;2;1;0;0;0;2;0;2;2;0;0;0;0;2;0;0;0;0;0;0;0;2;0;0;0;0;0;0;2;1;0;0;0;1;0;0;0;2;0;0;0;2;0;0;0;0;0;0;0;0;0;0;0;0;0;0;1;0;0;2;0;0;0;0;1;0;0;0;0;1;2;0;0;1;0;2;0;0;0;0;0;0;0;1;0;0;0;0;0;0;0;0
LEPTPRO;0;0;0;0;1;3;3;0;0;1;0;3;0;0;1;2;1;1;0;0;0;0;2;0;0;2;0;0;2;0;0;0;0;0;0;2;1;0;0;0;0;0;0;0;0;0;0;2;1;0;0;0;0;0;0;0;0;0;3;0;0;1;1;3;0;0;0;2;0;2;2;0;0;0;0;2;0;0;0;0;0;1;0;2;1;0;0;0;0;0;2;2;0;0;0;2;0;1;1;2;0;0;0;1;0;0;0;0;0;0;0;0;0;0;0;0;0;1;1;1;1;1;0;0;0;0;0;0;0;0;1;1;3;0;1;1;0;3;0;0;0;0;0;0;0;1;0;1;0;0;0;0;0;1
LEUCPER;0;0;0;0;2;2;1;0;0;0;1;2;1;1;0;0;0;0;1;1;0;0;0;0;0;0;0;0;0;0;0;0;0;1;0;0;0;0;0;0;0;1;1;2;0;0;0;0;1;0;0;0;0;0;0;0;1;0;0;0;0;0;0;0;2;0;0;0;0;0;0;1;0;1;0;0;0;0;0;0;0;0;0;0;0;0;0;0;0;0;0;0;0;0;0;0;0;0;0;0;0;0;0;0;0;0;0;0;0;0;0;0;0;1;0;0;0;0;0;0;0;0;0;2;0;0;1;0;1;0;0;0;0;0;0;0;1;0;0;0;1;1;1;0;1;0;1;0;1;1;0;0;0;0
LIRUMAC;0;0;0;1;1;1;1;0;0;0;0;1;0;0;0;0;0;0;0;0;1;1;0;0;0;0;0;0;0;0;0;0;0;0;0;0;0;0;0;0;0;0;0;0;0;0;0;0;0;0;0;0;0;0;0;0;0;1;1;0;0;0;0;0;0;1;0;0;1;0;0;0;1;0;0;0;0;0;0;0;0;0;0;0;0;0;0;1;0;0;1;0;0;0;0;0;0;0;0;1;1;0;0;1;0;0;0;0;0;0;0;0;0;0;0;0;0;0;1;0;1;1;0;0;1;0;0;0;0;0;1;0;1;0;0;1;0;1;0;0;0;0;0;0;0;1;0;0;0;0;0;0;0;0
LIRUNER;0;0;0;1;2;2;2;0;0;0;0;1;0;0;0;0;0;0;0;0;0;0;0;0;0;0;0;0;0;0;0;0;0;0;0;0;0;0;1;0;0;0;0;0;0;0;0;0;0;0;0;0;0;0;0;0;0;1;2;0;0;0;0;0;0;0;2;0;1;0;0;0;2;0;0;0;0;0;0;0;0;0;0;0;0;0;0;0;0;0;1;0;0;0;0;0;0;0;0;1;0;1;0;0;0;0;0;0;0;0;0;0;0;0;0;0;2;0;2;2;2;0;0;0;0;0;0;0;0;0;0;0;2;0;0;1;0;2;0;0;0;0;0;0;0;0;0;0;0;0;0;0;0;0
LOPHCON;0;0;0;0;0;2;4;0;0;0;0;3;0;0;1;3;2;2;0;0;0;0;3;0;0;3;0;1;3;0;0;0;0;0;1;3;1;0;0;0;0;0;0;0;0;0;0;2;2;0;0;0;0;0;1;0;0;0;4;0;0;0;2;2;0;0;0;4;0;4;4;0;0;0;0;4;0;0;0;0;0;1;0;3;0;0;0;1;0;0;2;2;0;0;0;2;0;0;0;3;0;0;0;2;0;0;0;0;0;0;0;0;0;0;0;0;0;0;1;0;0;2;0;0;0;0;1;0;0;0;0;1;4;0;0;1;0;4;0;0;0;0;0;0;0;2;0;0;0;0;0;0;0;0
LOPHPIC;0;0;0;2;2;2;3;0;0;0;0;3;0;0;0;0;0;0;0;0;2;1;0;0;0;0;0;0;0;0;0;0;0;0;0;0;0;0;1;0;0;0;0;0;0;0;0;0;0;0;0;0;0;0;0;0;0;2;3;0;0;0;0;0;0;1;1;0;3;0;0;0;2;0;0;0;0;0;0;0;0;0;0;0;0;0;0;1;0;0;1;0;0;0;0;0;0;0;0;2;1;1;0;1;0;0;0;0;0;0;0;0;0;0;0;0;1;0;3;1;2;1;0;0;1;0;0;0;0;0;1;0;2;0;0;2;0;2;0;0;0;0;0;0;0;1;0;0;0;0;0;0;0;0
LOPHPIN;0;0;0;0;0;2;5;0;0;0;0;4;0;0;1;3;2;3;0;0;0;0;3;0;0;4;0;1;3;0;0;0;0;0;1;3;1;0;0;0;0;0;0;0;0;0;0;2;2;0;0;0;0;0;2;0;0;1;5;0;0;0;2;2;0;0;0;4;0;6;6;0;0;0;0;4;0;0;0;0;0;1;0;5;0;0;0;1;0;0;2;2;0;0;0;2;0;0;0;3;0;0;0;2;0;0;0;0;0;0;0;0;0;0;0;0;0;0;1;0;0;2;0;0;0;0;1;0;0;0;0;1;6;0;0;1;0;6;0;0;0;0;0;0;0;3;0;0;0;0;0;0;0;0
LOPHSED;0;0;0;0;1;2;5;0;0;0;0;5;0;0;1;3;2;3;0;0;0;0;3;0;0;4;0;1;3;0;0;0;0;0;2;4;1;0;0;0;0;0;0;0;0;0;0;3;2;0;0;0;0;0;2;0;0;1;6;0;0;0;2;2;0;0;0;4;0;6;7;0;0;0;0;4;0;0;0;0;0;1;0;6;0;0;0;1;0;0;2;2;0;0;0;3;0;0;0;3;0;0;0;2;0;0;0;0;0;0;0;0;0;0;0;0;0;0;1;0;0;2;0;0;0;0;1;0;0;0;0;1;7;0;0;1;0;7;0;0;0;0;0;0;0;4;0;0;0;0;0;0;0;0
MELAALL;0;0;0;0;1;1;0;0;0;0;0;1;1;1;0;0;0;0;1;1;0;0;0;0;0;0;0;0;0;0;0;0;0;1;0;0;0;0;0;0;0;1;1;1;0;0;0;0;0;0;0;0;0;0;0;0;1;0;0;0;0;0;0;0;1;0;0;0;0;0;0;1;0;1;0;0;0;0;0;0;0;0;0;0;0;0;0;0;0;0;0;0;0;0;0;0;0;0;0;0;0;0;0;0;0;0;0;0;0;0;0;0;0;1;0;0;0;0;0;0;0;0;0;1;0;0;1;0;1;0;0;0;0;0;0;0;0;0;0;0;0;1;1;0;0;0;1;0;1;1;0;0;0;0
MELACAR;0;0;0;2;4;3;4;0;0;0;0;2;0;0;0;0;0;0;0;0;1;1;0;0;0;0;0;0;0;0;0;0;0;0;0;0;0;0;1;0;0;0;0;0;0;0;0;0;0;0;0;0;0;0;0;0;0;2;4;0;0;0;0;0;0;1;2;0;2;0;0;0;4;0;0;0;0;0;0;0;0;0;0;0;0;0;0;1;0;0;3;0;0;0;0;0;0;0;0;2;1;1;0;1;0;0;0;0;0;0;0;0;0;0;0;0;3;0;4;2;4;1;0;0;1;0;0;0;0;0;1;0;4;0;0;2;0;4;0;0;0;0;0;0;0;1;0;1;0;0;0;0;0;0
MELALAR;0;0;0;0;2;1;1;0;0;0;0;2;1;1;0;0;0;0;1;1;0;0;0;0;0;0;0;0;0;0;0;0;0;1;0;0;0;0;0;0;0;1;1;1;0;0;0;0;0;0;0;0;0;0;0;0;2;0;1;0;1;0;0;0;1;0;0;0;0;0;0;1;0;2;0;0;0;0;0;0;0;0;0;1;0;0;0;0;0;0;0;0;0;0;0;0;0;0;0;0;0;0;0;1;0;0;0;0;0;0;0;0;0;1;0;0;0;0;0;0;0;0;0;1;0;0;1;0;1;0;0;0;1;0;0;0;0;1;0;0;0;1;1;0;0;0;1;1;1;1;0;0;0;0
MELAMOD;0;0;0;0;1;1;0;0;0;0;0;0;0;1;0;0;0;0;0;0;0;0;0;0;0;0;0;0;0;1;0;0;1;0;0;0;0;0;0;0;1;0;0;1;0;0;1;0;0;0;0;0;0;0;0;1;0;0;0;0;0;0;0;0;0;0;0;0;0;0;0;0;0;0;1;0;0;0;0;0;1;0;0;0;0;0;0;0;0;0;0;0;0;0;0;0;1;0;0;0;0;0;0;0;0;0;0;0;0;0;0;0;0;0;0;0;0;0;0;0;0;0;0;0;0;0;0;0;0;0;0;0;0;0;1;0;0;0;0;0;0;0;0;0;0;0;0;0;0;0;0;0;0;0
MELAPOP;0;0;0;0;0;2;4;0;0;0;0;3;0;0;1;3;2;2;0;0;0;0;3;0;0;3;0;1;3;0;0;0;0;0;1;3;1;0;0;0;0;0;0;0;0;0;0;2;2;0;0;0;0;0;1;0;0;0;5;0;0;0;2;2;0;0;0;4;0;4;4;0;0;0;0;5;0;0;0;0;0;1;0;4;0;0;0;1;0;0;2;2;0;0;0;2;0;0;0;3;0;0;0;2;0;0;0;0;0;0;0;0;0;0;0;0;0;0;1;0;0;2;0;0;0;0;1;0;0;0;0;1;5;0;0;1;0;4;0;0;0;0;0;0;0;2;0;0;0;0;0;0;0;0
MERIGIG;0;1;0;0;1;1;0;0;0;1;0;0;0;1;0;0;0;0;0;1;0;0;0;0;0;0;0;0;0;0;0;0;0;0;0;0;0;0;0;0;0;0;0;0;0;1;0;0;1;0;0;1;0;0;0;0;0;0;1;1;0;1;0;0;0;0;0;0;0;0;0;0;0;0;0;0;1;1;0;0;0;0;0;0;1;1;1;0;1;1;1;0;0;1;0;0;0;0;0;0;0;0;0;0;1;0;0;0;0;0;1;0;0;0;0;0;0;0;0;0;0;0;0;0;0;0;1;0;0;0;0;0;0;0;1;0;0;0;0;0;0;0;0;1;1;0;0;0;0;1;0;0;0;0
MICRALP;3;5;0;0;3;5;0;0;1;2;0;3;0;5;0;0;0;0;0;2;0;0;0;2;0;0;0;0;0;0;0;0;3;0;0;0;0;1;0;4;0;0;0;0;3;2;0;1;3;3;0;3;2;0;0;4;2;0;1;1;0;3;0;0;0;0;0;0;0;0;0;0;0;0;0;0;1;7;0;3;0;0;0;0;2;2;1;0;1;1;4;0;0;1;0;0;2;0;0;1;0;0;0;0;3;0;0;3;0;0;1;0;0;0;0;3;0;0;0;0;0;0;0;0;0;0;2;0;0;3;0;0;0;0;3;0;0;0;0;1;0;0;0;2;1;0;1;0;0;2;0;0;0;0
MICRJUG;0;0;0;0;1;1;0;0;0;0;0;0;0;1;0;0;0;0;0;0;0;0;0;0;0;0;0;0;0;0;0;0;0;0;0;0;0;0;0;0;0;0;0;0;0;0;0;0;0;0;0;0;0;1;0;0;1;0;1;0;0;0;0;0;0;0;0;0;0;0;0;0;0;0;0;0;0;0;1;0;0;0;0;0;1;1;0;0;0;0;0;0;0;0;0;0;0;0;0;1;0;0;0;0;0;0;0;0;0;0;0;0;0;0;0;0;0;0;0;0;0;0;0;0;0;0;1;0;0;0;0;0;0;0;0;0;0;0;0;0;0;0;0;0;0;0;0;0;0;0;0;0;0;0
MONOMON;2;3;0;0;1;3;0;0;0;0;0;2;0;2;0;0;0;0;0;1;0;0;0;1;0;0;0;0;0;0;0;0;1;0;0;0;0;1;0;3;0;0;0;0;2;0;0;1;2;2;0;2;2;0;0;3;1;0;0;0;0;1;0;0;0;0;0;0;0;0;0;0;0;0;0;0;0;3;0;4;0;0;0;0;1;1;0;0;0;0;2;0;0;0;0;0;1;0;0;0;0;0;0;0;2;0;0;2;0;0;0;0;0;0;0;2;0;0;0;0;0;0;0;0;0;0;1;0;0;2;0;0;0;0;2;0;0;0;0;1;0;0;0;1;0;0;1;0;0;2;0;0;0;0
MYCOCAS;0;0;0;0;1;1;0;0;0;0;0;0;0;1;0;0;0;0;0;0;0;0;0;0;0;0;0;0;0;1;0;0;1;0;0;0;0;0;0;0;1;0;0;1;0;0;1;0;0;0;0;0;0;0;0;1;0;0;0;0;0;0;0;0;0;0;0;0;0;0;0;0;0;0;1;0;0;0;0;0;1;0;0;0;0;0;0;0;0;0;0;0;0;0;0;0;1;0;0;0;0;0;0;0;0;0;0;0;0;0;0;0;0;0;0;0;0;0;0;0;0;0;0;0;0;0;0;0;0;0;0;0;0;0;1;0;0;0;0;0;0;0;0;0;0;0;0;0;0;0;0;0;0;0
MYCODEA;0;0;0;0;0;1;1;0;0;0;0;1;0;0;0;1;1;0;0;0;0;0;1;0;0;1;0;0;1;0;0;0;0;0;0;1;0;0;0;0;0;0;0;0;0;0;0;0;1;0;0;0;0;0;0;0;0;0;1;0;0;0;0;1;0;0;0;1;0;1;1;0;0;0;0;1;0;0;0;0;0;2;0;2;0;0;0;0;0;0;0;1;0;0;0;1;0;0;0;0;0;0;0;0;0;0;0;0;0;0;0;0;0;0;0;0;0;0;0;0;0;0;0;0;0;0;0;0;0;0;0;0;2;0;0;0;0;1;0;0;0;0;0;0;0;1;0;0;0;0;0;0;0;0
MYCOMIC;0;1;0;0;0;1;0;1;0;0;0;0;0;0;0;0;0;0;0;0;0;0;0;0;0;0;0;0;0;0;0;0;0;0;0;0;0;0;0;0;0;0;0;0;0;0;0;0;0;0;0;0;0;0;0;0;0;0;0;0;0;0;0;0;0;0;0;0;0;0;0;0;0;0;0;0;0;0;0;0;0;0;1;0;0;0;0;0;0;0;0;0;0;0;0;0;0;0;0;0;0;0;0;0;0;0;0;0;0;0;0;0;0;0;0;0;0;0;0;0;0;0;0;0;0;0;0;0;0;0;0;0;0;0;0;0;0;0;0;0;0;0;0;0;0;0;0;0;0;0;0;0;0;0
MYCOPIN;0;0;0;0;2;2;5;0;0;0;0;6;0;0;1;3;2;3;0;0;0;0;3;0;0;4;0;0;3;0;0;0;0;0;2;4;1;0;0;0;0;0;0;0;0;0;0;3;2;0;0;0;0;0;2;0;1;1;7;0;1;0;2;2;0;0;0;3;0;5;6;0;0;1;0;4;0;0;0;0;0;2;0;9;0;0;0;0;0;0;2;2;0;0;0;3;0;0;0;2;0;0;0;3;0;0;0;0;0;0;0;0;0;0;0;0;0;0;1;0;0;2;0;0;0;0;1;0;0;0;0;1;9;0;0;1;0;7;0;0;0;0;0;0;0;4;0;1;0;0;0;0;0;0
NECTCIN;1;3;0;1;5;5;1;0;0;2;0;4;0;5;0;0;0;0;0;2;0;0;0;0;1;0;0;0;0;0;1;1;0;0;0;0;0;0;0;1;0;0;0;0;2;1;0;3;3;1;1;2;1;1;0;1;4;0;3;1;0;2;0;1;0;0;0;0;0;0;0;0;0;0;0;0;1;2;1;1;0;0;0;0;6;3;1;0;1;3;3;0;0;1;0;0;0;1;1;2;0;0;0;0;2;1;0;1;1;1;1;1;0;0;1;1;0;1;1;1;1;0;1;0;0;1;4;0;0;1;1;1;1;1;3;1;0;1;0;1;0;0;0;2;1;0;0;1;0;2;1;0;2;1
NECTCOC;1;3;0;1;4;4;0;0;0;1;0;2;0;4;0;0;0;0;0;1;0;0;0;1;1;0;0;0;0;0;1;1;0;0;0;0;0;1;0;1;0;0;0;0;1;1;0;1;3;1;0;1;1;1;0;1;2;0;2;1;0;2;0;0;0;0;0;0;0;0;0;0;0;0;0;0;1;2;1;1;0;0;0;0;3;4;1;0;1;2;2;0;0;1;0;0;1;0;0;1;0;0;0;0;2;1;0;1;1;0;1;1;0;0;1;1;0;0;0;0;0;0;1;0;0;1;2;0;0;1;0;0;0;1;2;0;0;0;0;0;0;0;0;1;1;0;1;0;0;1;0;0;1;0
NECTDIT;0;1;0;0;2;2;0;0;0;1;0;0;0;2;0;0;0;0;0;1;0;0;0;0;0;0;0;0;0;0;0;0;0;0;0;0;0;1;0;0;0;0;0;0;0;1;0;0;1;0;0;1;0;0;0;0;0;0;1;1;0;1;0;0;0;0;0;0;0;0;0;0;0;0;0;0;1;1;0;0;0;0;0;0;1;1;2;0;1;1;1;0;0;1;1;0;0;0;0;0;0;0;1;0;1;0;0;0;0;0;1;0;0;0;0;0;0;0;0;0;0;0;0;0;0;0;1;0;0;0;0;0;0;0;1;0;0;0;0;0;0;0;0;1;1;0;0;0;0;1;0;0;0;0
NECTFUC;0;0;0;1;1;1;2;0;0;0;0;1;0;0;0;0;0;0;0;0;1;1;0;0;0;0;0;1;0;0;0;0;0;0;0;0;0;0;0;0;0;0;0;0;0;0;0;0;0;0;0;0;0;0;0;0;0;1;2;0;0;0;0;0;0;1;0;1;1;1;1;0;1;0;0;1;0;0;0;0;0;0;0;0;0;0;0;2;0;0;1;0;0;0;0;0;0;0;0;2;1;0;0;1;0;0;0;0;0;0;0;0;0;0;0;0;0;0;1;0;1;1;0;0;1;0;0;0;0;0;1;0;2;0;0;1;0;2;0;0;0;0;0;0;0;1;0;0;0;0;0;0;0;0
NECTVEU;0;1;0;0;1;1;0;0;0;1;0;0;0;1;0;0;0;0;0;1;0;0;0;0;0;0;0;0;0;0;0;0;0;0;0;0;0;0;0;0;0;0;0;0;0;1;0;0;1;0;0;1;0;0;0;0;0;0;1;1;0;1;0;0;0;0;0;0;0;0;0;0;0;0;0;0;1;1;0;0;0;0;0;0;1;1;1;0;1;1;1;0;0;1;0;0;0;0;0;0;0;0;0;0;1;0;0;0;0;0;1;0;0;0;0;0;0;0;0;0;0;0;0;0;0;0;1;0;0;0;0;0;0;0;1;0;0;0;0;0;0;0;0;1;1;0;0;0;0;1;0;0;0;0
NEONGAL;0;2;0;1;3;2;0;0;0;1;0;2;0;3;0;0;0;0;0;1;0;0;0;0;1;0;0;0;0;0;1;1;0;0;0;0;0;0;0;0;0;0;0;0;1;1;0;2;2;0;1;1;0;0;0;0;2;0;1;1;0;1;0;0;0;0;0;0;0;0;0;0;0;0;0;0;1;1;0;0;0;0;0;0;3;2;1;0;1;5;1;0;0;1;0;0;0;0;0;0;0;0;0;0;1;1;0;0;1;1;1;1;1;0;1;0;0;0;0;0;0;0;1;0;0;1;2;0;0;0;0;0;0;1;1;0;0;0;0;0;0;0;0;1;1;0;0;0;0;1;1;1;2;0
OPHIPIC;3;4;0;2;7;8;6;0;0;3;0;7;0;5;1;2;1;2;0;2;1;1;2;2;0;2;0;0;2;0;0;0;1;0;1;2;1;1;0;3;0;0;0;0;3;1;0;4;4;3;0;2;2;0;1;3;2;1;8;1;0;5;2;2;0;1;1;2;1;2;2;0;3;0;0;2;1;4;0;2;0;0;0;2;3;2;1;1;1;1;11;1;0;1;0;1;2;1;1;6;1;0;0;3;3;0;0;3;0;0;1;0;0;0;0;3;2;1;5;2;4;3;0;0;1;0;3;0;0;3;2;2;6;0;4;4;0;6;0;1;0;0;0;2;1;2;1;2;0;2;0;0;0;1
OPHISER;0;0;0;0;0;2;2;0;0;0;0;2;0;0;1;2;1;1;0;0;0;0;2;0;0;2;0;0;2;0;0;0;0;0;0;2;1;0;0;0;0;0;0;0;0;0;0;1;1;0;0;0;0;0;0;0;0;0;2;0;0;0;1;2;0;0;0;2;0;2;2;0;0;0;0;2;0;0;0;0;0;1;0;2;0;0;0;0;0;0;1;2;0;0;0;2;0;0;0;1;0;0;0;1;0;0;0;0;0;0;0;0;0;0;0;0;0;0;0;0;0;1;0;0;0;0;0;0;0;0;0;0;2;0;0;0;0;2;0;0;0;0;0;0;0;1;0;0;0;0;0;0;0;0
OPHIULM;0;0;0;0;0;0;0;0;0;0;0;0;0;0;0;0;0;0;0;0;0;0;0;0;0;0;0;0;0;0;0;0;0;0;0;0;0;0;0;0;0;0;0;0;0;0;0;0;0;0;0;0;0;0;0;0;0;0;0;0;0;0;0;0;0;0;0;0;0;0;0;0;0;0;0;0;0;0;0;0;0;0;0;0;0;0;0;0;0;0;0;0;1;0;0;0;0;0;0;0;0;0;0;0;0;0;0;0;0;0;0;0;0;0;0;0;0;0;0;0;0;0;0;0;0;0;0;0;0;0;0;0;0;0;0;0;0;0;0;0;0;0;0;0;0;0;0;0;0;0;0;0;0;0
OUDEMUC;0;1;0;0;1;1;0;0;0;1;0;0;0;1;0;0;0;0;0;1;0;0;0;0;0;0;0;0;0;0;0;0;0;0;0;0;0;0;0;0;0;0;0;0;0;1;0;0;1;0;0;1;0;0;0;0;0;0;1;1;0;1;0;0;0;0;0;0;0;0;0;0;0;0;0;0;1;1;0;0;0;0;0;0;1;1;1;0;1;1;1;0;0;1;0;0;0;0;0;0;0;0;0;0;1;0;0;0;0;0;1;0;0;0;0;0;0;0;0;0;0;0;0;0;0;0;1;0;0;0;0;0;0;0;1;0;0;0;0;0;0;0;0;1;1;0;0;0;0;1;0;0;0;0
OXYPPOP;0;0;0;0;1;1;0;0;0;0;0;0;0;1;0;0;0;0;0;0;0;0;0;0;0;0;0;0;0;0;0;0;0;0;0;0;0;1;0;0;0;0;0;0;0;0;0;0;0;0;0;0;0;0;0;0;0;0;0;0;0;0;0;0;0;0;0;0;0;0;0;0;0;0;0;0;0;0;0;0;0;0;0;0;0;0;1;0;0;0;0;0;0;0;1;0;0;0;0;0;0;0;1;0;0;0;0;0;0;0;0;0;0;0;0;0;0;0;0;0;0;0;0;0;0;0;0;0;0;0;0;0;0;0;0;0;0;0;0;0;0;0;0;0;0;0;0;0;0;0;0;0;0;0
PESTFUN;0;0;0;1;2;3;3;0;0;0;0;5;0;0;1;2;1;1;0;0;0;0;2;0;0;2;0;0;2;0;0;0;0;0;1;3;1;0;0;0;0;0;0;0;0;0;0;2;1;0;0;0;0;0;0;0;1;0;4;0;0;0;1;2;0;0;0;2;0;2;3;0;0;0;0;2;0;0;0;0;0;1;0;3;0;0;0;0;0;0;1;2;0;0;0;6;0;0;0;1;0;0;0;2;0;0;0;0;0;0;0;0;0;0;0;0;0;0;0;0;0;1;0;0;0;0;0;1;0;0;0;0;4;0;0;0;0;4;0;0;0;0;0;0;0;2;0;0;0;0;0;0;0;0
PEZICIN;2;2;0;0;3;3;0;0;0;1;0;2;0;3;0;0;0;0;0;0;0;0;0;2;0;0;0;0;0;1;0;0;2;0;0;0;0;1;0;2;1;0;0;1;2;0;1;0;1;2;0;0;1;0;0;3;1;0;0;0;0;2;0;0;0;0;0;0;0;0;0;0;0;0;1;0;0;2;0;1;1;0;0;0;0;1;0;0;0;0;2;0;0;0;0;0;3;0;0;1;0;0;0;0;1;0;0;2;0;0;0;0;0;0;0;2;0;0;0;0;0;0;0;0;0;0;0;0;0;2;0;0;0;0;2;0;0;0;0;0;0;0;0;0;0;0;1;0;0;0;0;0;0;0
PHACCON;0;0;0;0;1;1;1;0;0;1;0;1;0;0;0;0;0;0;0;0;0;0;0;0;0;0;0;0;0;0;0;0;0;0;0;0;0;0;0;0;0;0;0;0;0;0;0;1;0;0;0;0;0;0;0;0;0;0;1;0;0;1;0;1;0;0;0;0;0;0;0;0;0;0;0;0;0;0;0;0;0;0;0;0;1;0;0;0;0;0;1;0;0;0;0;0;0;1;1;1;0;0;0;0;0;0;0;0;0;0;0;0;0;0;0;0;0;1;1;1;1;0;0;0;0;0;0;0;0;0;1;1;1;0;1;1;0;1;0;0;0;0;0;0;0;0;0;1;0;0;0;0;0;1
PHAEGAE;0;0;0;0;1;1;1;0;0;1;0;1;0;0;0;0;0;0;0;0;0;0;0;0;0;0;0;0;0;0;0;0;0;0;0;0;0;0;0;0;0;0;0;0;0;0;0;1;0;0;0;0;0;0;0;0;0;0;1;0;0;1;0;1;0;0;0;0;0;0;0;0;0;0;0;0;0;0;0;0;0;0;0;0;1;0;0;0;0;0;1;0;0;0;0;0;0;1;1;1;0;0;0;0;0;0;0;0;0;0;0;0;0;0;0;0;0;1;1;1;1;0;0;0;0;0;0;0;0;0;1;1;1;0;1;1;0;1;0;0;0;0;0;0;0;0;0;1;0;0;0;0;0;1
PHAESCH;1;1;0;3;5;6;8;0;0;2;0;7;0;3;1;2;1;2;0;0;2;1;2;1;0;2;1;1;2;0;0;0;1;0;1;2;1;0;0;1;0;0;0;0;1;0;0;3;1;1;0;0;0;1;1;1;2;1;10;0;1;2;2;2;0;1;1;3;2;3;3;0;2;0;0;3;0;1;1;0;0;0;0;2;2;1;0;2;0;0;6;1;0;0;0;1;1;1;1;12;1;0;0;3;0;0;0;1;0;0;0;0;0;0;0;1;1;1;5;2;3;3;0;0;1;0;2;0;0;1;2;2;7;0;1;5;0;7;0;0;0;0;0;0;0;2;0;1;0;0;0;0;0;1
PHELCHR;0;0;0;1;1;1;1;0;0;0;0;1;0;0;0;0;0;0;0;0;1;1;0;0;0;0;0;0;0;0;0;0;0;0;0;0;0;0;0;0;0;0;0;0;0;0;0;0;0;0;0;0;0;0;0;0;0;1;1;0;0;0;0;0;0;1;0;0;1;0;0;0;1;0;0;0;0;0;0;0;0;0;0;0;0;0;0;1;0;0;1;0;0;0;0;0;0;0;0;1;1;0;0;1;0;0;0;0;0;0;0;0;0;0;0;0;0;0;1;0;1;1;0;0;1;0;0;0;0;0;1;0;1;0;0;1;0;1;0;0;0;0;0;0;0;1;0;0;0;0;0;0;0;0
PHELHAR;0;0;0;0;1;1;1;0;0;0;0;1;0;0;0;0;0;0;0;0;0;0;0;0;0;0;0;0;0;0;0;0;0;0;0;0;0;0;1;0;0;0;0;0;0;0;0;0;0;0;0;0;0;0;0;0;0;1;1;0;0;0;0;0;0;0;1;0;1;0;0;0;1;0;0;0;0;0;0;0;0;0;0;0;0;0;0;0;0;0;0;0;0;0;0;0;0;0;0;0;0;1;0;0;0;0;0;0;0;0;0;0;0;0;0;0;1;0;1;1;1;0;0;0;0;0;0;0;0;0;0;0;1;0;0;0;0;1;0;0;0;0;0;0;0;0;0;0;0;0;0;0;0;0
PHELIGN;0;0;0;0;1;1;0;0;0;0;0;0;0;1;0;0;0;0;0;0;0;0;0;0;0;0;0;0;0;0;0;0;0;0;0;0;0;1;0;0;0;0;0;0;0;0;0;0;0;0;0;0;0;0;0;0;0;0;0;0;0;0;0;0;0;0;0;0;0;0;0;0;0;0;0;0;0;0;0;0;0;0;0;0;0;0;1;0;0;0;0;0;0;0;1;0;0;0;0;0;0;0;1;0;0;0;0;0;0;0;0;0;0;0;0;0;0;0;0;0;0;0;0;0;0;0;0;0;0;0;0;0;0;0;0;0;0;0;0;0;0;0;0;0;0;0;0;0;0;0;0;0;0;0
PHELPIN;0;0;0;2;3;3;6;0;0;0;0;5;0;0;1;2;1;2;0;0;1;1;2;0;0;3;0;0;3;0;0;0;0;0;1;2;1;0;0;0;0;0;0;0;0;0;0;3;1;0;0;0;0;0;1;0;2;1;6;0;1;0;2;1;0;1;0;2;1;2;2;0;1;1;0;2;0;0;0;0;0;0;0;3;0;0;0;1;0;0;3;1;0;0;0;2;0;0;0;3;1;0;0;6;0;0;0;0;0;0;0;0;0;0;0;0;0;0;2;0;1;3;0;0;1;0;1;0;0;0;1;1;6;0;0;2;0;6;0;0;0;0;0;0;0;2;0;1;0;0;0;0;0;0
PHELROB;2;3;0;0;2;3;0;0;0;1;0;2;0;3;0;0;0;0;0;2;0;0;0;1;0;0;0;0;0;0;0;0;0;0;0;0;0;1;0;2;0;0;0;0;2;1;0;1;3;2;0;2;2;0;0;2;1;0;1;1;0;2;0;0;0;0;0;0;0;0;0;0;0;0;0;0;1;3;0;2;0;0;0;0;2;2;1;0;1;1;3;0;0;1;0;0;1;0;0;0;0;0;0;0;3;0;0;2;0;0;1;0;0;0;0;2;0;0;0;0;0;0;0;0;0;0;2;0;0;2;0;0;0;0;3;0;0;0;0;1;0;0;0;2;1;0;1;0;0;2;0;0;0;0
PHLOACE;0;1;0;1;1;1;0;0;0;0;0;1;0;1;0;0;0;0;0;0;0;0;0;0;1;0;0;0;0;0;1;1;0;0;0;0;0;0;0;0;0;0;0;0;0;0;0;1;1;0;0;0;0;0;0;0;1;0;0;0;0;0;0;0;0;0;0;0;0;0;0;0;0;0;0;0;0;0;0;0;0;0;0;0;1;1;0;0;0;1;0;0;0;0;0;0;0;0;0;0;0;0;0;0;0;1;0;0;1;0;0;1;0;0;1;0;0;0;0;0;0;0;1;0;0;1;0;0;0;0;0;0;0;1;0;0;0;0;0;0;0;0;0;0;0;0;0;0;0;0;0;0;1;0
PHOMJUN;0;0;0;0;0;0;0;0;0;0;0;0;0;0;0;0;0;0;0;0;0;0;0;0;0;0;0;0;0;0;0;0;0;0;0;0;0;0;0;0;0;0;0;0;0;0;0;0;0;0;0;0;0;0;0;0;0;0;0;0;0;0;0;0;0;0;0;0;0;0;0;0;0;0;0;0;0;0;0;0;0;0;0;0;0;0;0;0;0;0;0;0;0;0;0;0;0;0;0;0;0;0;0;0;0;0;1;0;0;0;0;0;0;0;0;0;0;0;0;0;0;0;0;0;0;0;0;0;0;0;0;0;0;0;0;0;0;0;0;0;0;0;0;0;0;0;0;0;0;0;0;0;0;0
PHOMQUE;3;3;0;0;2;3;0;0;0;1;0;3;0;3;0;0;0;0;0;1;0;0;0;2;0;0;0;0;0;0;0;0;1;0;0;0;0;1;0;3;0;0;0;0;3;0;0;1;2;3;0;1;2;0;0;3;2;0;0;0;0;2;0;0;0;0;0;0;0;0;0;0;0;0;0;0;0;3;0;2;0;0;0;0;1;1;0;0;0;0;3;0;0;0;0;0;2;0;0;1;0;0;0;0;2;0;0;3;0;0;0;0;0;0;0;3;0;0;0;0;0;0;0;0;0;0;1;0;0;3;0;0;0;0;2;0;0;0;0;1;0;0;0;1;0;0;1;0;0;1;0;0;0;0
PHYLACE;0;1;0;1;1;1;0;0;0;0;0;1;0;1;0;0;0;0;0;0;0;0;0;0;1;0;0;0;0;0;1;1;0;0;0;0;0;0;0;0;0;0;0;0;0;0;0;1;1;0;0;0;0;0;0;0;1;0;0;0;0;0;0;0;0;0;0;0;0;0;0;0;0;0;0;0;0;0;0;0;0;0;0;0;1;1;0;0;0;1;0;0;0;0;0;0;0;0;0;0;0;0;0;0;0;1;0;0;1;0;0;1;0;0;1;0;0;0;0;0;0;0;1;0;0;1;0;0;0;0;0;0;0;1;0;0;0;0;0;0;0;0;0;0;0;0;0;0;0;0;0;0;1;0
PHYLGUT;0;0;0;0;1;0;0;0;0;0;0;1;0;1;0;0;0;0;0;0;0;0;0;0;0;0;0;0;0;0;0;0;0;0;0;0;0;0;0;0;0;0;0;0;1;0;0;0;0;0;1;0;0;0;0;0;1;0;0;0;0;0;0;0;0;0;0;0;0;0;0;0;0;0;0;0;0;0;0;0;0;0;0;0;1;0;0;0;0;1;0;0;0;0;0;0;0;0;0;0;0;0;0;0;0;0;0;0;0;1;0;0;0;0;0;0;0;0;0;0;0;0;0;0;0;0;1;0;0;0;0;0;0;0;0;0;0;0;0;0;0;0;0;0;0;0;0;0;0;0;1;0;1;0
PLEUOST;0;1;0;0;1;1;0;0;0;1;0;0;0;1;0;0;0;0;0;1;0;0;0;0;0;0;0;0;0;0;0;0;0;0;0;0;0;0;0;0;0;0;0;0;0;1;0;0;1;0;0;1;0;0;0;0;0;0;1;1;0;1;0;0;0;0;0;0;0;0;0;0;0;0;0;0;1;1;0;0;0;0;0;0;1;1;1;0;1;1;1;0;0;1;0;0;0;0;0;0;0;0;0;0;1;0;0;0;0;0;1;0;0;0;0;0;0;0;0;0;0;0;0;0;0;0;1;0;0;0;0;0;0;0;1;0;0;0;0;0;0;0;0;1;1;0;0;0;0;1;0;0;0;0
PLEUPSE;0;1;0;1;1;1;0;0;0;0;0;1;0;1;0;0;0;0;0;0;0;0;0;0;1;0;0;0;0;0;1;1;0;0;0;0;0;0;0;0;0;0;0;0;0;0;0;1;1;0;0;0;0;0;0;0;1;0;0;0;0;0;0;0;0;0;0;0;0;0;0;0;0;0;0;0;0;0;0;0;0;0;0;0;1;1;0;0;0;1;0;0;0;0;0;0;0;0;0;0;0;0;0;0;0;1;0;0;1;0;0;1;0;0;1;0;0;0;0;0;0;0;1;0;0;1;0;0;0;0;0;0;0;1;0;0;0;0;0;0;0;0;0;0;0;0;0;0;0;0;0;0;1;0
PODOCLA;0;0;0;0;1;1;0;0;0;0;0;1;0;1;0;0;0;0;0;0;0;0;0;0;0;0;0;0;0;0;0;0;0;0;0;0;0;0;0;0;0;0;0;0;0;0;0;0;0;0;0;0;0;0;0;0;0;0;1;0;0;0;0;0;0;0;0;0;0;0;0;0;0;0;0;0;0;0;0;0;0;0;0;0;0;0;0;0;0;1;0;0;0;0;0;0;0;0;0;0;0;0;0;0;0;0;0;0;0;0;0;0;2;0;0;0;0;0;0;0;0;0;0;0;0;0;0;0;0;0;0;0;0;0;0;0;0;0;0;0;0;0;0;0;0;0;0;0;0;0;0;1;0;0
POLLRAD;0;0;0;0;1;1;0;0;0;0;0;1;1;1;0;0;0;0;1;1;0;0;0;0;0;0;0;0;0;0;0;0;0;1;0;0;0;0;0;0;0;1;2;1;0;0;0;0;0;0;0;0;0;0;0;0;1;0;0;0;0;0;0;0;1;0;0;0;0;0;0;1;0;1;0;0;0;0;0;0;0;0;0;0;0;0;0;0;0;0;0;0;0;0;0;0;0;0;0;0;0;0;0;0;0;0;0;0;0;0;0;0;0;2;0;0;0;0;0;0;0;0;0;1;0;0;1;0;1;0;0;0;0;0;0;0;0;0;0;0;0;1;1;0;0;0;1;0;1;1;0;0;0;0
POLYSQU;0;1;0;1;1;1;0;0;0;0;0;1;0;1;0;0;0;0;0;0;0;0;0;0;1;0;0;0;0;0;1;1;0;0;0;0;0;0;0;0;0;0;0;0;0;0;0;1;1;0;0;0;0;0;0;0;1;0;0;0;0;0;0;0;0;0;0;0;0;0;0;0;0;0;0;0;0;0;0;0;0;0;0;0;1;1;0;0;0;1;0;0;0;0;0;0;0;0;0;0;0;0;0;0;0;1;0;0;1;0;0;1;0;0;1;0;0;0;0;0;0;0;1;0;0;1;0;0;0;0;0;0;0;1;0;0;0;0;0;0;0;0;0;0;0;0;0;0;0;0;0;0;1;0
PSEUDRY;3;3;0;0;2;3;0;0;0;1;0;3;0;3;0;0;0;0;0;1;0;0;0;2;0;0;0;0;0;0;0;0;1;0;0;0;0;1;0;3;0;0;0;0;3;0;0;1;2;3;0;1;2;0;0;3;2;0;0;0;0;2;0;0;0;0;0;0;0;0;0;0;0;0;0;0;0;3;0;2;0;0;0;0;1;1;0;0;0;0;3;0;0;0;0;0;2;0;0;1;0;0;0;0;2;0;0;3;0;0;0;0;0;0;0;3;0;0;0;0;0;0;0;0;0;0;1;0;0;3;0;0;0;0;2;0;0;0;0;1;0;0;0;1;0;0;1;0;0;1;0;0;0;0
PUCCEPI;0;0;0;1;3;2;3;0;0;0;0;1;0;0;0;0;0;0;0;0;0;0;0;0;0;0;0;0;0;0;0;0;0;0;0;0;0;0;1;0;0;0;0;0;0;0;0;0;0;0;0;0;0;0;0;0;0;1;3;0;0;0;0;0;0;0;2;0;1;0;0;0;3;0;0;0;0;0;0;0;0;0;0;0;0;0;0;0;0;0;2;0;0;0;0;0;0;0;0;1;0;1;0;0;0;0;0;0;0;0;0;0;0;0;0;0;3;0;3;2;3;0;0;0;0;0;0;0;0;0;0;0;3;0;0;1;0;3;0;0;0;0;0;0;0;0;0;1;0;0;0;0;0;0
RHABPSE;0;0;0;0;1;1;1;0;0;1;0;1;0;0;0;0;0;0;0;0;0;0;0;0;0;0;0;0;0;0;0;0;0;0;0;0;0;0;0;0;0;0;0;0;0;0;0;1;0;0;0;0;0;0;0;0;0;0;1;0;0;1;0;1;0;0;0;0;0;0;0;0;0;0;0;0;0;0;0;0;0;0;0;0;1;0;0;0;0;0;1;0;0;0;0;0;0;1;1;1;0;0;0;0;0;0;0;0;0;0;0;0;0;0;0;0;0;1;1;1;1;0;0;0;0;0;0;0;0;0;1;1;1;0;1;1;0;1;0;0;0;0;0;0;0;0;0;1;0;0;0;0;0;1
RHIZKAL;0;0;0;3;5;4;7;0;0;1;0;5;0;0;0;1;1;1;0;0;2;1;1;0;0;1;0;0;1;0;0;0;0;0;1;1;0;0;1;0;0;0;0;0;0;0;0;2;1;0;0;0;0;0;1;0;0;2;7;0;0;1;1;1;0;1;2;1;3;1;1;0;4;0;0;1;0;0;0;0;0;0;0;1;1;0;0;1;0;0;5;0;0;0;0;0;0;1;1;5;1;1;0;2;0;0;0;0;0;0;0;0;0;0;0;0;3;1;7;3;5;2;0;0;1;0;1;0;0;0;2;2;6;0;1;5;0;6;0;0;0;0;0;0;0;2;0;2;0;0;0;0;0;1
RHIZMAC;0;0;0;1;3;3;3;0;0;1;0;2;0;0;0;0;0;0;0;0;0;0;0;0;0;0;0;0;0;0;0;0;0;0;0;0;0;0;1;0;0;0;0;0;0;0;0;1;0;0;0;0;0;0;0;0;0;1;3;0;0;1;0;1;0;0;2;0;1;0;0;0;2;0;0;0;0;0;0;0;0;0;0;0;1;0;0;0;0;0;2;0;0;0;0;0;0;1;1;2;0;1;0;0;0;0;0;0;0;0;0;0;0;0;0;0;2;1;3;3;3;0;0;0;0;0;0;0;0;0;1;1;3;0;1;2;0;3;0;0;0;0;0;0;0;0;0;1;0;0;0;0;0;1
RHIZOUD;0;0;0;2;5;4;5;0;0;1;0;3;0;0;0;0;0;0;0;0;1;1;0;0;0;0;0;0;0;0;0;0;0;0;0;0;0;0;1;0;0;0;0;0;0;0;0;1;0;0;0;0;0;0;0;0;0;2;5;0;0;1;0;1;0;1;2;0;2;0;0;0;4;0;0;0;0;0;0;0;0;0;0;0;1;0;0;1;0;0;4;0;0;0;0;0;0;1;1;3;1;1;0;1;0;0;0;0;0;0;0;0;0;0;0;0;3;1;5;3;5;1;0;0;1;0;0;0;0;0;2;1;5;0;1;3;0;5;0;0;0;0;0;0;0;1;0;2;0;0;0;0;0;1
RHIZUND;0;0;0;1;1;2;3;0;0;0;0;3;0;0;1;2;1;2;0;0;1;1;2;0;0;2;0;0;2;0;0;0;0;0;1;2;1;0;0;0;0;0;0;0;0;0;0;2;1;0;0;0;0;0;1;0;0;1;3;0;0;0;2;1;0;1;0;2;1;2;2;0;1;0;0;2;0;0;0;0;0;0;0;2;0;0;0;1;0;0;3;1;0;0;0;1;0;0;0;3;1;0;0;3;0;0;0;0;0;0;0;0;0;0;0;0;0;0;2;0;1;3;0;0;1;0;1;0;0;0;1;1;3;0;0;2;0;3;0;0;0;0;0;0;0;2;0;0;0;0;0;0;0;0
RHYTACE;0;1;0;1;2;1;0;0;0;0;0;2;0;1;0;0;0;0;0;0;0;0;0;0;2;0;0;0;0;0;1;1;0;0;0;0;0;0;0;0;0;0;0;0;0;0;0;1;1;0;0;0;0;0;0;0;1;0;0;0;0;0;0;0;0;0;0;0;0;0;0;0;0;0;0;0;0;0;0;0;0;0;0;0;1;1;0;0;0;1;0;0;0;0;0;0;0;0;0;0;0;0;0;0;0;1;0;0;1;0;0;1;0;0;1;0;0;0;0;0;0;0;2;0;0;1;0;0;0;0;0;0;0;1;0;0;0;0;0;0;0;0;0;0;0;0;0;0;0;0;0;0;2;0
ROSENEC;0;0;0;0;2;2;1;0;0;0;1;2;1;1;0;0;0;0;1;1;0;0;0;0;0;0;0;0;0;0;0;0;0;1;0;0;0;0;0;0;0;1;1;2;0;0;0;0;1;0;0;0;0;0;0;0;1;0;0;0;0;0;0;0;2;0;0;0;0;0;0;1;0;1;0;0;0;0;0;0;0;0;0;0;0;0;0;0;0;0;0;0;0;0;0;0;0;0;0;0;0;0;0;0;0;0;0;0;0;0;0;0;0;1;0;0;0;0;0;0;0;0;0;2;0;0;1;0;1;0;0;0;0;0;0;0;1;0;0;0;1;1;1;0;1;0;1;0;1;1;0;0;0;0
SARERES;0;0;0;1;1;1;1;0;0;0;0;1;0;0;0;0;0;0;0;0;1;1;0;0;0;0;0;0;0;0;0;0;0;0;0;0;0;0;0;0;0;0;0;0;0;0;0;0;0;0;0;0;0;0;0;0;0;1;1;0;0;0;0;0;0;1;0;0;1;0;0;0;1;0;0;0;0;0;0;0;0;0;0;0;0;0;0;1;0;0;1;0;0;0;0;0;0;0;0;1;1;0;0;1;0;0;0;0;0;0;0;0;0;0;0;0;0;0;1;0;1;1;0;0;1;0;0;0;0;0;1;0;1;0;0;1;0;1;0;0;0;0;0;0;0;1;0;0;0;0;0;0;0;0
SAWATUL;0;1;0;1;1;1;0;0;0;0;0;1;0;1;0;0;0;0;0;0;0;0;0;0;1;0;0;0;0;0;1;1;0;0;0;0;0;0;0;0;0;0;0;0;0;0;0;1;1;0;0;0;0;0;0;0;1;0;0;0;0;0;0;0;0;0;0;0;0;0;0;0;0;0;0;0;0;0;0;0;0;0;0;0;1;1;0;0;0;1;0;0;0;0;0;0;0;0;0;0;0;0;0;0;0;1;0;0;1;0;0;1;0;0;1;0;0;0;0;0;0;0;1;0;0;1;0;0;0;0;0;0;0;1;0;0;0;0;0;0;0;0;0;0;0;0;0;0;0;0;0;0;1;0
SCHICOM;1;2;0;0;4;4;1;0;0;1;0;4;1;5;0;1;1;1;1;3;0;0;1;0;0;1;0;0;1;0;0;0;0;1;1;1;0;0;0;1;0;1;1;1;2;1;0;2;3;1;1;2;1;1;1;1;4;0;3;1;0;1;1;0;1;0;0;1;0;1;1;1;0;1;0;1;1;2;1;1;0;0;0;1;4;2;1;0;1;2;3;0;0;1;0;0;0;0;0;2;0;0;0;1;2;0;0;1;0;1;1;0;0;1;0;1;0;0;1;0;0;1;0;1;0;0;6;0;1;1;0;1;1;0;2;1;0;1;0;1;0;1;1;2;1;1;1;0;1;3;1;0;1;0
SEIRCAR;0;0;0;0;0;0;0;0;0;0;0;1;0;0;0;0;0;0;0;0;0;0;0;0;0;0;0;0;0;0;0;0;0;0;0;0;0;0;0;0;0;0;0;0;0;0;0;0;0;0;0;0;0;0;0;0;0;0;0;0;0;0;0;0;0;0;0;0;0;0;0;0;0;0;0;0;0;0;0;0;0;0;0;0;0;0;0;0;0;0;0;0;0;0;0;1;0;0;0;0;0;0;0;0;0;0;0;0;0;0;0;0;0;0;0;0;0;0;0;0;0;0;0;0;0;0;0;1;0;0;0;0;0;0;0;0;0;0;0;0;0;0;0;0;0;0;0;0;0;0;0;0;0;0
SEPTPOD;0;0;0;0;1;1;0;0;0;0;0;1;1;1;0;0;0;0;1;1;0;0;0;0;0;0;0;0;0;0;0;0;0;1;0;0;0;0;0;0;0;1;1;1;0;0;0;0;0;0;0;0;0;0;0;0;1;0;0;0;0;0;0;0;1;0;0;0;0;0;0;1;0;1;0;0;0;0;0;0;0;0;0;0;0;0;0;0;0;0;0;0;0;0;0;0;0;0;0;0;0;0;0;0;0;0;0;0;0;0;0;0;0;1;0;0;0;0;0;0;0;0;0;1;0;0;1;0;1;0;0;0;0;0;0;0;0;0;0;0;0;1;1;0;0;0;1;0;1;1;0;0;0;0
SEPTQUE;3;3;0;0;2;3;0;0;0;1;0;3;0;3;0;0;0;0;0;1;0;0;0;2;0;0;0;0;0;0;0;0;1;0;0;0;0;1;0;3;0;0;0;0;3;0;0;1;2;3;0;1;2;0;0;3;2;0;0;0;0;2;0;0;0;0;0;0;0;0;0;0;0;0;0;0;0;3;0;2;0;0;0;0;1;1;0;0;0;0;3;0;0;0;0;0;2;0;0;1;0;0;0;0;2;0;0;3;0;0;0;0;0;0;0;3;0;0;0;0;0;0;0;0;0;0;1;0;0;3;0;0;0;0;2;0;0;0;0;1;0;0;0;1;0;0;1;0;0;1;0;0;0;0
SIROSTR;0;0;0;1;2;2;2;0;0;1;0;2;0;0;0;0;0;0;0;0;1;1;0;0;0;0;0;0;0;0;0;0;0;0;0;0;0;0;0;0;0;0;0;0;0;0;0;1;0;0;0;0;0;0;0;0;0;1;2;0;0;1;0;1;0;1;0;0;1;0;0;0;1;0;0;0;0;0;0;0;0;0;0;0;1;0;0;1;0;0;2;0;0;0;0;0;0;1;1;2;1;0;0;1;0;0;0;0;0;0;0;0;0;0;0;0;0;1;2;1;2;1;0;0;1;0;0;0;0;0;2;1;2;0;1;2;0;2;0;0;0;0;0;0;0;1;0;1;0;0;0;0;0;1
SPARCRI;0;0;0;0;1;1;2;0;0;1;0;2;0;0;0;1;1;1;0;0;0;0;1;0;0;1;0;0;1;0;0;0;0;0;1;1;0;0;0;0;0;0;0;0;0;0;0;2;1;0;0;0;0;0;1;0;0;0;2;0;0;1;1;1;0;0;0;1;0;1;1;0;0;0;0;1;0;0;0;0;0;0;0;1;1;0;0;0;0;0;2;0;0;0;0;0;0;1;1;2;0;0;0;1;0;0;0;0;0;0;0;0;0;0;0;0;0;1;2;1;1;1;0;0;0;0;1;0;0;0;1;2;2;0;1;2;0;2;0;0;0;0;0;0;0;1;0;1;0;0;0;0;0;1
SPHASAP;0;0;0;3;8;7;14;0;0;1;0;12;0;0;1;3;2;3;0;0;1;1;3;0;0;5;0;1;5;0;0;0;0;0;2;4;1;0;1;0;0;0;0;0;0;0;0;5;2;0;0;0;0;0;2;0;2;3;16;0;2;1;2;3;0;1;2;4;2;6;7;0;4;1;0;5;0;0;0;0;0;2;0;9;1;0;0;2;0;0;6;2;0;0;0;4;0;1;1;7;1;1;0;6;0;0;0;0;0;0;0;0;0;0;0;0;3;1;6;3;5;3;0;0;1;0;1;0;0;0;2;2;19;0;1;4;0;16;0;0;0;0;0;0;0;5;0;3;0;0;0;0;0;1
STEGPYR;0;1;0;1;1;1;0;0;0;0;0;1;0;1;0;0;0;0;0;0;0;0;0;0;1;0;0;0;0;0;1;1;0;0;0;0;0;0;0;0;0;0;0;0;0;0;0;1;1;0;0;0;0;0;0;0;1;0;0;0;0;0;0;0;0;0;0;0;0;0;0;0;0;0;0;0;0;0;0;0;0;0;0;0;1;1;0;0;0;1;0;0;0;0;0;0;0;0;0;0;0;0;0;0;0;1;0;0;1;0;0;1;0;0;1;0;0;0;0;0;0;0;1;0;0;1;0;0;0;0;0;0;0;1;0;0;0;0;0;0;0;0;0;0;0;0;0;0;0;0;0;0;1;0
STERHIR;2;3;0;0;4;5;1;0;0;2;0;3;0;4;0;0;0;0;0;2;0;0;0;1;0;0;0;0;0;1;0;0;1;0;0;0;0;1;0;2;1;0;0;1;2;1;1;2;3;2;0;2;2;0;0;3;1;0;2;1;0;3;0;1;0;0;0;0;0;0;0;0;0;0;1;0;1;3;0;2;1;0;0;0;3;2;1;0;1;1;4;0;0;1;0;0;2;1;1;1;0;0;0;0;3;0;0;2;0;0;1;0;0;0;0;2;0;1;1;1;1;0;0;0;0;0;2;0;0;2;1;1;1;0;5;1;0;1;0;1;0;0;0;2;1;0;1;1;0;2;0;0;0;1
STERSAN;0;0;0;3;3;3;5;0;0;1;0;4;0;0;0;1;1;1;0;0;2;1;1;0;0;1;0;0;1;0;0;0;0;0;1;1;0;0;0;0;0;0;0;0;0;0;0;2;1;0;0;0;0;0;1;0;0;1;5;0;0;1;1;1;0;1;1;1;2;1;1;0;2;0;0;1;0;0;0;0;0;0;0;1;1;0;0;1;0;0;4;0;0;0;0;0;0;1;1;5;1;0;0;2;0;0;0;0;0;0;0;0;0;0;0;0;1;1;5;2;3;2;0;0;1;0;1;0;0;0;2;2;4;0;1;5;0;4;0;0;0;0;0;0;0;2;0;1;0;0;0;0;0;1
STIGCAR;0;0;0;0;1;1;1;0;0;0;1;1;0;0;0;0;0;0;0;0;0;0;0;0;0;0;0;0;0;0;0;0;0;0;0;0;0;0;0;0;0;0;0;1;0;0;0;0;1;0;0;0;0;0;0;0;0;0;0;0;0;0;0;0;1;0;0;0;0;0;0;0;0;0;0;0;0;0;0;0;0;0;0;0;0;0;0;0;0;0;0;0;0;0;0;0;0;0;0;0;0;0;0;0;0;0;0;0;0;0;0;0;0;0;0;0;0;0;0;0;0;0;0;1;0;0;0;0;0;0;0;0;0;0;0;0;1;0;0;0;1;0;0;0;1;0;0;0;0;0;0;0;0;0
SYDOPOL;0;0;0;3;8;7;14;0;0;1;0;11;0;0;1;3;2;3;0;0;1;1;3;0;0;5;0;1;4;0;0;0;0;0;2;4;1;0;1;0;0;0;0;0;0;0;0;5;2;0;0;0;0;0;2;0;2;3;15;0;2;1;2;3;0;1;2;4;2;6;7;0;4;1;0;4;0;0;0;0;0;1;0;7;1;0;0;2;0;0;6;2;0;0;0;4;0;1;1;7;1;1;0;6;0;0;0;0;0;0;0;0;0;0;0;0;3;1;6;3;5;3;0;0;1;0;1;0;0;0;2;2;16;0;1;4;0;16;0;0;0;0;0;0;0;5;0;3;0;0;0;0;0;1
TAPHBET;0;0;0;0;0;0;0;0;0;0;0;0;0;0;0;0;0;0;0;0;0;0;0;0;0;0;0;0;0;0;0;0;0;0;0;0;0;0;0;0;0;0;0;0;0;0;0;0;0;0;0;0;0;0;0;0;0;0;0;0;0;0;0;0;0;0;0;0;0;0;0;0;0;0;0;0;0;0;0;0;0;0;0;0;0;0;0;0;0;0;0;0;0;0;0;0;0;0;0;0;0;0;0;0;0;0;0;0;0;0;0;0;0;0;0;0;0;0;0;0;0;0;0;0;0;0;0;0;0;0;0;0;0;0;0;0;0;0;1;0;0;0;0;0;0;0;0;0;0;0;0;0;0;0
TAPHCAE;1;1;0;0;0;1;0;0;0;0;0;1;0;1;0;0;0;0;0;1;0;0;0;0;0;0;0;0;0;0;0;0;0;0;0;0;0;0;0;1;0;0;0;0;1;0;0;1;1;1;0;1;1;0;0;1;1;0;0;0;0;0;0;0;0;0;0;0;0;0;0;0;0;0;0;0;0;1;0;1;0;0;0;0;1;0;0;0;0;0;1;0;0;0;0;0;0;0;0;0;0;0;0;0;1;0;0;1;0;0;0;0;0;0;0;1;0;0;0;0;0;0;0;0;0;0;1;0;0;1;0;0;0;0;1;0;0;0;0;1;0;0;0;1;0;0;0;0;0;1;0;0;0;0
TAPHCER;0;0;0;0;1;1;1;0;0;0;1;1;0;0;0;0;0;0;0;0;0;0;0;0;0;0;0;0;0;0;0;0;0;0;0;0;0;0;0;0;0;0;0;1;0;0;0;0;1;0;0;0;0;0;0;0;0;0;0;0;0;0;0;0;1;0;0;0;0;0;0;0;0;0;0;0;0;0;0;0;0;0;0;0;0;0;0;0;0;0;0;0;0;0;0;0;0;0;0;0;0;0;0;0;0;0;0;0;0;0;0;0;0;0;0;0;0;0;0;0;0;0;0;1;0;0;0;0;0;0;0;0;0;0;0;0;1;0;0;0;1;0;0;0;1;0;0;0;0;0;0;0;0;0
TAPHPOP;0;0;0;0;1;1;0;0;0;0;0;1;1;1;0;0;0;0;1;1;0;0;0;0;0;0;0;0;0;0;0;0;0;1;0;0;0;0;0;0;0;1;1;1;0;0;0;0;0;0;0;0;0;0;0;0;1;0;0;0;0;0;0;0;1;0;0;0;0;0;0;1;0;1;0;0;0;0;0;0;0;0;0;0;0;0;0;0;0;0;0;0;0;0;0;0;0;0;0;0;0;0;0;0;0;0;0;0;0;0;0;0;0;1;0;0;0;0;0;0;0;0;0;1;0;0;1;0;1;0;0;0;0;0;0;0;0;0;0;0;0;1;1;0;0;0;1;0;1;1;0;0;0;0
TITATRE;0;0;0;0;1;1;0;0;0;0;0;1;1;1;0;0;0;0;1;1;0;0;0;0;0;0;0;0;0;0;0;0;0;1;0;0;0;0;0;0;0;1;1;1;0;0;0;0;0;0;0;0;0;0;0;0;1;0;0;0;0;0;0;0;1;0;0;0;0;0;0;1;0;1;0;0;0;0;0;0;0;0;0;0;0;0;0;0;0;0;0;0;0;0;0;0;0;0;0;0;0;0;0;0;0;0;0;0;0;0;0;0;0;1;0;0;0;0;0;0;0;0;0;1;0;0;1;0;1;0;0;0;0;0;0;0;0;0;0;0;0;1;1;0;0;0;1;0;1;1;0;0;0;0
TRAMGIB;1;2;0;0;1;2;0;0;0;1;0;1;0;2;0;0;0;0;0;2;0;0;0;0;0;0;0;0;0;0;0;0;0;0;0;0;0;0;0;1;0;0;0;0;1;1;0;1;2;1;0;2;1;0;0;1;1;0;1;1;0;1;0;0;0;0;0;0;0;0;0;0;0;0;0;0;1;2;0;1;0;0;0;0;2;1;1;0;1;1;2;0;0;1;0;0;0;0;0;0;0;0;0;0;2;0;0;1;0;0;1;0;0;0;0;1;0;0;0;0;0;0;0;0;0;0;2;0;0;1;0;0;0;0;2;0;0;0;0;1;0;0;0;2;1;0;0;0;0;2;0;0;0;0
TRAMVER;0;1;0;0;2;2;1;0;0;1;1;1;0;1;0;0;0;0;0;1;0;0;0;0;0;0;0;0;0;0;0;0;0;0;0;0;0;0;0;0;0;0;0;1;0;1;0;0;2;0;0;1;0;0;0;0;0;0;1;1;0;1;0;0;1;0;0;0;0;0;0;0;0;0;0;0;1;1;0;0;0;0;0;0;1;1;1;0;1;1;1;0;0;1;0;0;0;0;0;0;0;0;0;0;1;0;0;0;0;0;1;0;0;0;0;0;0;0;0;0;0;0;0;1;0;0;1;0;0;0;0;0;0;0;1;0;1;0;0;0;1;0;0;1;2;0;0;0;0;1;0;0;0;0
TRUNHAR;0;0;0;1;2;2;3;0;0;0;0;4;0;0;0;2;2;1;0;0;1;1;2;0;0;2;0;0;2;0;0;0;0;0;2;3;0;0;0;0;0;0;0;0;0;0;0;2;2;0;0;0;0;0;1;0;0;1;4;0;0;0;1;1;0;1;0;2;1;3;4;0;1;0;0;2;0;0;0;0;0;1;0;4;0;0;0;1;0;0;2;1;0;0;0;2;0;0;0;2;1;0;0;2;0;0;0;0;0;0;0;0;0;0;0;0;0;0;2;0;1;2;0;0;1;0;1;0;0;0;1;1;5;0;0;2;0;5;0;0;0;0;0;0;0;5;0;0;0;0;0;0;0;0
VALSAMB;1;1;0;0;2;2;0;0;0;0;0;2;1;2;0;0;0;0;1;1;0;0;0;1;0;0;0;0;0;0;0;0;0;1;0;0;0;1;0;1;0;1;1;1;1;0;0;0;1;1;0;0;1;0;0;1;1;0;0;0;0;1;0;0;1;0;0;0;0;0;0;1;0;1;0;0;0;1;0;1;0;0;0;0;0;1;0;0;0;0;1;0;0;0;0;0;1;0;0;0;0;0;0;0;1;0;0;1;0;0;0;0;0;1;0;1;0;0;0;0;0;0;0;1;0;0;1;0;1;1;0;0;0;0;1;0;0;0;0;0;0;1;1;0;0;0;2;0;1;1;0;0;0;0
VALSKUN;0;0;0;0;3;1;3;0;0;1;0;2;0;0;0;0;0;0;0;0;0;0;0;0;0;0;0;0;0;0;0;0;0;0;0;0;0;0;0;0;0;0;0;0;0;0;0;1;0;0;0;0;0;0;0;0;1;0;3;0;1;1;0;1;0;0;0;0;0;0;0;0;1;1;0;0;0;0;0;0;0;0;0;1;1;0;0;0;0;0;2;0;0;0;0;0;0;1;1;1;0;0;0;1;0;0;0;0;0;0;0;0;0;0;0;0;1;1;2;1;2;0;0;0;0;0;0;0;0;0;1;1;3;0;1;1;0;3;0;0;0;0;0;0;0;0;0;3;0;0;0;0;0;1
VALSNIV;0;0;0;0;1;1;0;0;0;0;0;1;1;1;0;0;0;0;1;1;0;0;0;0;0;0;0;0;0;0;0;0;0;1;0;0;0;0;0;0;0;1;1;1;0;0;0;0;0;0;0;0;0;0;0;0;1;0;0;0;0;0;0;0;1;0;0;0;0;0;0;1;0;1;0;0;0;0;0;0;0;0;0;0;0;0;0;0;0;0;0;0;0;0;0;0;0;0;0;0;0;0;0;0;0;0;0;0;0;0;0;0;0;1;0;0;0;0;0;0;0;0;0;1;0;0;1;0;1;0;0;0;0;0;0;0;0;0;0;0;0;1;1;0;0;0;1;0;1;1;0;0;0;0
VALSSOR;1;2;0;0;2;3;0;0;0;1;0;2;1;3;0;0;0;0;1;3;0;0;0;0;0;0;0;0;0;0;0;0;0;1;0;0;0;0;0;1;0;1;1;1;1;1;0;1;2;1;0;2;1;0;0;1;2;0;1;1;0;1;0;0;1;0;0;0;0;0;0;1;0;1;0;0;1;2;0;2;0;0;0;0;2;1;1;0;1;1;2;0;0;1;0;0;0;0;0;0;0;0;0;0;2;0;0;1;0;0;1;0;0;1;0;1;0;0;0;0;0;0;0;1;0;0;3;0;1;1;0;0;0;0;2;0;0;0;0;1;0;1;1;2;1;0;1;0;1;4;0;0;0;0
VENTFRA;0;0;0;0;1;0;0;0;0;0;0;1;0;1;0;0;0;0;0;0;0;0;0;0;0;0;0;0;0;0;0;0;0;0;0;0;0;0;0;0;0;0;0;0;1;0;0;0;0;0;1;0;0;0;0;0;1;0;0;0;0;0;0;0;0;0;0;0;0;0;0;0;0;0;0;0;0;0;0;0;0;0;0;0;1;0;0;0;0;1;0;0;0;0;0;0;0;0;0;0;0;0;0;0;0;0;0;0;0;1;0;0;0;0;0;0;0;0;0;0;0;0;0;0;0;0;1;0;0;0;0;0;0;0;0;0;0;0;0;0;0;0;0;0;0;0;0;0;0;0;1;0;1;0
VENTINA;0;0;0;0;1;1;0;0;0;0;0;1;0;1;0;0;0;0;0;0;0;0;0;0;0;0;0;0;0;0;0;0;0;0;0;0;0;0;0;0;0;0;0;0;0;0;0;1;0;0;0;0;0;0;0;0;0;0;1;0;0;0;0;0;0;0;0;0;0;0;0;0;0;0;0;0;0;0;0;0;0;0;0;0;0;0;0;0;0;1;0;0;0;0;0;0;0;0;0;0;0;0;0;0;0;0;0;0;0;0;0;0;1;0;0;0;0;0;0;0;0;0;0;0;0;0;0;0;0;0;0;0;0;0;0;0;0;0;0;0;0;0;0;0;0;0;0;0;0;0;0;2;0;0
VERTDAH;0;1;0;1;3;1;0;0;0;0;0;3;0;2;0;0;0;0;0;0;0;0;0;0;2;0;0;0;0;0;1;1;0;0;0;0;0;0;0;0;0;0;0;0;1;0;0;1;1;0;1;0;0;0;0;0;2;0;0;0;0;0;0;0;0;0;0;0;0;0;0;0;0;0;0;0;0;0;0;0;0;0;0;0;2;1;0;0;0;2;0;0;0;0;0;0;0;0;0;0;0;0;0;0;0;1;0;0;1;1;0;1;0;0;1;0;0;0;0;0;0;0;2;0;0;1;1;0;0;0;0;0;0;1;0;0;0;0;0;0;0;0;0;0;0;0;0;0;0;0;1;0;3;0
ZYTHPIN;0;0;0;0;1;1;1;0;0;1;0;1;0;0;0;0;0;0;0;0;0;0;0;0;0;0;0;0;0;0;0;0;0;0;0;0;0;0;0;0;0;0;0;0;0;0;0;1;0;0;0;0;0;0;0;0;0;0;1;0;0;1;0;1;0;0;0;0;0;0;0;0;0;0;0;0;0;0;0;0;0;0;0;0;1;0;0;0;0;0;1;0;0;0;0;0;0;1;1;1;0;0;0;0;0;0;0;0;0;0;0;0;0;0;0;0;0;1;1;1;1;0;0;0;0;0;0;0;0;0;1;1;1;0;1;1;0;1;0;0;0;0;0;0;0;0;0;1;0;0;0;0;0;1
